Product Id,Product Handle,Product Title,Product Subtitle,Product Status,Product External Id,Product Description,Product Is Giftcard,Product Discountable,Product Thumbnail,Product Collection Id,Product Type Id,Product Weight,Product Length,Product Height,Product Width,Product Hs Code,Product Origin Country,Product Mid Code,Product Material,Product Created At,Product Updated At,Product Deleted At,Product Image 1,Product Sales Channel 1,Variant Id,Variant Title,Variant Sku,Variant Barcode,Variant Ean,Variant Upc,Variant Allow Backorder,Variant Manage Inventory,Variant Hs Code,Variant Origin Country,Variant Mid Code,Variant Material,Variant Weight,Variant Length,Variant Height,Variant Width,Variant Metadata,Variant Variant Rank,Variant Thumbnail,Variant Product Id,Variant Created At,Variant Updated At,Variant Deleted At,Variant Price KES,Variant Price EUR,Variant Option 1 Id,Variant Option 1 Name,Variant Option 1 Value,Variant Image 1,Variant Price USD
prod_01M07ESCM4526FF8K6E7FWJ89P,amd-ryzen-7-7800x3d,AMD Ryzen 7 7800X3D,,published,,"8-core gaming processor with 3D V-Cache technology. AM5 socket, 105W TDP.",false,true,http://localhost:9000/static/1786957262513-AMD%20Ryzen%207%207800X3D.jpg,pcol_01M07EQPQ2YY6YGE7AM5EGTZNM,,100,,,,,,,,Mon Aug 17 2026 11:53:08 GMT+0300 (East Africa Time),Mon Aug 17 2026 12:01:02 GMT+0300 (East Africa Time),,http://localhost:9000/static/1786957262513-AMD%20Ryzen%207%207800X3D.jpg,sc_01M07EQPDE1ZT30YN298XT8GRB,variant_01M07ESCQRNQWW4HDSFYCVPDAH,Default,CPU-AMD-7800X3D,,,,false,true,,al,,,,,,,,0,,prod_01M07ESCM4526FF8K6E7FWJ89P,Mon Aug 17 2026 11:53:08 GMT+0300 (East Africa Time),Mon Aug 17 2026 13:49:27 GMT+0300 (East Africa Time),,54999,200,opt_01M07ESCM507K5K1EDDJD7RPXN,Default,Default,http://localhost:9000/static/1786957262513-AMD%20Ryzen%207%207800X3D.jpg,
prod_01M07ESCM4FP67PD14SZPYX9VB,nzxt-h5-flow-white,NZXT H5 Flow White,,published,,"Mid-tower ATX case with excellent airflow, supports ATX/mATX/ITX motherboards.",false,true,http://localhost:9000/static/1786957332509-NZXT%20H5%20Flow%20White.jpeg,pcol_01M07EQPQ2YY6YGE7AM5EGTZNM,,6500,,,,,,,,Mon Aug 17 2026 11:53:08 GMT+0300 (East Africa Time),Mon Aug 17 2026 12:02:49 GMT+0300 (East Africa Time),,http://localhost:9000/static/1786957332509-NZXT%20H5%20Flow%20White.jpeg,sc_01M07EQPDE1ZT30YN298XT8GRB,variant_01M07ESCQTCJ08HYH4PKNN06A3,Default,CASE-NZXT-H5-WHT,,,,false,true,,,,,,,,,,0,,prod_01M07ESCM4FP67PD14SZPYX9VB,Mon Aug 17 2026 11:53:08 GMT+0300 (East Africa Time),Mon Aug 17 2026 11:53:08 GMT+0300 (East Africa Time),,12999,,opt_01M07ESCM546J2C50QBVY6NTCG,Default,Default,http://localhost:9000/static/1786957332509-NZXT%20H5%20Flow%20White.jpeg,
prod_01M07ESCM4H7VZK8SWEZXVFK40,msi-mag-z790-tomahawk-wifi,MSI MAG Z790 Tomahawk WiFi,,published,,"LGA1700 ATX motherboard for Intel 13th/14th gen, DDR5 support, PCIe 5.0.",false,true,http://localhost:9000/static/1786957428778-MSI%20MAG%20Z790%20Tomahawk%20WiFi.png,pcol_01M07EQPQ2YY6YGE7AM5EGTZNM,,1600,,,,,,,,Mon Aug 17 2026 11:53:08 GMT+0300 (East Africa Time),Mon Aug 17 2026 12:04:08 GMT+0300 (East Africa Time),,http://localhost:9000/static/1786957428778-MSI%20MAG%20Z790%20Tomahawk%20WiFi.png,sc_01M07EQPDE1ZT30YN298XT8GRB,variant_01M07ESCQS3FT2JWT0YW8T01FB,Default,MB-MSI-Z790-TOM,,,,false,true,,,,,,,,,,0,,prod_01M07ESCM4H7VZK8SWEZXVFK40,Mon Aug 17 2026 11:53:08 GMT+0300 (East Africa Time),Mon Aug 17 2026 11:53:08 GMT+0300 (East Africa Time),,38999,,opt_01M07ESCM5GQQWNGVYZKPJ5WSG,Default,Default,http://localhost:9000/static/1786957428778-MSI%20MAG%20Z790%20Tomahawk%20WiFi.png,
prod_01M07ESCM4JYPS5NHBYEXBJYS3,corsair-rm750e-750w-gold,Corsair RM750e 750W 80+ Gold Fully Modular,,published,,"Fully modular 750W power supply with 80+ Gold efficiency, quiet operation.",false,true,http://localhost:9000/static/1786957509376-Corsair%20RM750e%20750W%2080+%20Gold%20Fully%20Modular.jpeg,pcol_01M07EQPQ2YY6YGE7AM5EGTZNM,,1800,,,,,,,,Mon Aug 17 2026 11:53:08 GMT+0300 (East Africa Time),Mon Aug 17 2026 12:05:09 GMT+0300 (East Africa Time),,http://localhost:9000/static/1786957509376-Corsair%20RM750e%20750W%2080+%20Gold%20Fully%20Modular.jpeg,sc_01M07EQPDE1ZT30YN298XT8GRB,variant_01M07ESCQS43CB1D8T2QX1D6JS,Default,PSU-COR-RM750E,,,,false,true,,,,,,,,,,0,,prod_01M07ESCM4JYPS5NHBYEXBJYS3,Mon Aug 17 2026 11:53:08 GMT+0300 (East Africa Time),Mon Aug 17 2026 11:53:08 GMT+0300 (East Africa Time),,15999,,opt_01M07ESCM524BYBC1ANQD0NDN5,Default,Default,http://localhost:9000/static/1786957509376-Corsair%20RM750e%20750W%2080+%20Gold%20Fully%20Modular.jpeg,
prod_01M07ESCM4KFCWD2GC1XAAYJA9,asus-rog-strix-b650-a-gaming-wifi,ASUS ROG STRIX B650-A Gaming WiFi,,published,,"AM5 ATX motherboard with WiFi 6E, DDR5 support, PCIe 4.0, 4 RAM slots.",false,true,http://localhost:9000/static/1786957578775-ASUS%20ROG%20STRIX%20B650-A%20Gaming%20WiFi.png,pcol_01M07EQPQ2YY6YGE7AM5EGTZNM,,1500,,,,,,,,Mon Aug 17 2026 11:53:08 GMT+0300 (East Africa Time),Mon Aug 17 2026 12:06:36 GMT+0300 (East Africa Time),,http://localhost:9000/static/1786957578775-ASUS%20ROG%20STRIX%20B650-A%20Gaming%20WiFi.png,sc_01M07EQPDE1ZT30YN298XT8GRB,variant_01M07ESCQSNW455CMXFGH4ZF08,Default,MB-ASU-B650-A,,,,false,true,,,,,,,,,,0,,prod_01M07ESCM4KFCWD2GC1XAAYJA9,Mon Aug 17 2026 11:53:08 GMT+0300 (East Africa Time),Mon Aug 17 2026 11:53:08 GMT+0300 (East Africa Time),,32999,,opt_01M07ESCM5YYHQZ07XE6E15QM5,Default,Default,http://localhost:9000/static/1786957578775-ASUS%20ROG%20STRIX%20B650-A%20Gaming%20WiFi.png,
prod_01M07ESCM4QH76DCK2FRYNVASB,samsung-990-pro-2tb-nvme,Samsung 990 PRO 2TB NVMe SSD,,published,,High-speed PCIe 4.0 NVMe M.2 SSD with read speeds up to 7450 MB/s.,false,true,http://localhost:9000/static/1786957168976-Samsung%20990%20PRO%202TB%20NVMe%20SSD.webp,pcol_01M07EQPQ2YY6YGE7AM5EGTZNM,,100,,,,,,,,Mon Aug 17 2026 11:53:08 GMT+0300 (East Africa Time),Mon Aug 17 2026 11:59:29 GMT+0300 (East Africa Time),,http://localhost:9000/static/1786957168976-Samsung%20990%20PRO%202TB%20NVMe%20SSD.webp,sc_01M07EQPDE1ZT30YN298XT8GRB,variant_01M07ESCQT5WCBXWTX8K25R6G4,Default,SSD-SAM-990-2TB,,,,false,true,,,,,,,,,,0,,prod_01M07ESCM4QH76DCK2FRYNVASB,Mon Aug 17 2026 11:53:08 GMT+0300 (East Africa Time),Mon Aug 17 2026 11:53:08 GMT+0300 (East Africa Time),,24999,,opt_01M07ESCM5N6M4F4BFAJZGQ43X,Default,Default,http://localhost:9000/static/1786957168976-Samsung%20990%20PRO%202TB%20NVMe%20SSD.webp,
prod_01M07SVV1DX478EAAMV6QY71XB,nvidia-geforce-rtx-4090-graphics-cards,NVIDIA GeForce RTX 4090 Graphics Cards,,published,,"Experience ultra-high performance gaming, incredibly detailed virtual worlds, unprecedented productivity, and new ways to create.",false,true,http://localhost:9000/static/1786968402975-nvidia-geforce-rtx-4090-graphics-cards.jpg,,,,,,,,,,,Mon Aug 17 2026 15:06:42 GMT+0300 (East Africa Time),Mon Aug 17 2026 15:06:42 GMT+0300 (East Africa Time),,http://localhost:9000/static/1786968402975-nvidia-geforce-rtx-4090-graphics-cards.jpg,sc_01M07EQPDE1ZT30YN298XT8GRB,variant_01M07SVV3TVRFDH670AY4KPE4M,Default,INGEST-NVIDIA-GEFORCE-RTX-4090-GRAPHICS-CARDS,,,,false,true,,,,,,,,,,0,,prod_01M07SVV1DX478EAAMV6QY71XB,Mon Aug 17 2026 15:06:43 GMT+0300 (East Africa Time),Mon Aug 17 2026 15:06:43 GMT+0300 (East Africa Time),,,,opt_01M07SVV1D8XD8WH0PXY5EFPR1,Configuration,Default,http://localhost:9000/static/1786968402975-nvidia-geforce-rtx-4090-graphics-cards.jpg,1599.99
prod_01M07T4ET52QAZA6E2VH1JBAXR,amd-ryzen-9-7950x-desktop-processor,AMD Ryzen™ 9 7950X Desktop Processor,,published,,AMD Ryzen™ 9 7950X with a 16-core processor and 32 threads.,false,true,http://localhost:9000/static/1786968685366-amd-ryzen-9-7950x-desktop-processor.jpg,,,,,,,,,,,Mon Aug 17 2026 15:11:25 GMT+0300 (East Africa Time),Mon Aug 17 2026 15:11:25 GMT+0300 (East Africa Time),,http://localhost:9000/static/1786968685366-amd-ryzen-9-7950x-desktop-processor.jpg,,variant_01M07T4EYCG5R1ZK9MG70VJ4PX,Default,INGEST-AMD-RYZEN-9-7950X-DESKTOP-PROCESSOR,,,,false,true,,,,,,,,,,0,,prod_01M07T4ET52QAZA6E2VH1JBAXR,Mon Aug 17 2026 15:11:25 GMT+0300 (East Africa Time),Mon Aug 17 2026 15:11:25 GMT+0300 (East Africa Time),,,,opt_01M07T4ET5V49XVWT77WHBZ9NM,Configuration,Default,http://localhost:9000/static/1786968685366-amd-ryzen-9-7950x-desktop-processor.jpg,549.99
prod_01M07T4GNR46H2A3CP17KPA92F,amd-ryzen-7-7800x3d-desktop-processor,AMD Ryzen™ 7 7800X3D Desktop Processor,,published,,AMD Ryzen™ 7 7800X3D With AMD V-Cache™ Technology,false,true,http://localhost:9000/static/1786968687281-amd-ryzen-7-7800x3d-desktop-processor.jpg,,,,,,,,,,,Mon Aug 17 2026 15:11:27 GMT+0300 (East Africa Time),Mon Aug 17 2026 15:11:27 GMT+0300 (East Africa Time),,http://localhost:9000/static/1786968687281-amd-ryzen-7-7800x3d-desktop-processor.jpg,,variant_01M07T4GQ764H1JF8Z2SZ2MC2N,Default,INGEST-AMD-RYZEN-7-7800X3D-DESKTOP-PROCESSOR,,,,false,true,,,,,,,,,,0,,prod_01M07T4GNR46H2A3CP17KPA92F,Mon Aug 17 2026 15:11:27 GMT+0300 (East Africa Time),Mon Aug 17 2026 15:11:27 GMT+0300 (East Africa Time),,,,opt_01M07T4GNR0NJDD07KES8DSWCX,Configuration,Default,http://localhost:9000/static/1786968687281-amd-ryzen-7-7800x3d-desktop-processor.jpg,449.99
prod_01M07T4JD60FTEB7H7BQMJ06QJ,amd-ryzen-5-7600,AMD Ryzen™ 5 7600,,published,,AMD Ryzen™ processor for desktops.,false,true,http://localhost:9000/static/1786968689055-amd-ryzen-5-7600.jpg,,,,,,,,,,,Mon Aug 17 2026 15:11:29 GMT+0300 (East Africa Time),Mon Aug 17 2026 15:11:29 GMT+0300 (East Africa Time),,http://localhost:9000/static/1786968689055-amd-ryzen-5-7600.jpg,,variant_01M07T4JEKB96VGQQXBZWMDFKY,Default,INGEST-AMD-RYZEN-5-7600,,,,false,true,,,,,,,,,,0,,prod_01M07T4JD60FTEB7H7BQMJ06QJ,Mon Aug 17 2026 15:11:29 GMT+0300 (East Africa Time),Mon Aug 17 2026 15:11:29 GMT+0300 (East Africa Time),,,,opt_01M07T4JD6X1JN5DE578ZGQ6CP,Configuration,Default,http://localhost:9000/static/1786968689055-amd-ryzen-5-7600.jpg,229.99
prod_01M07T4QNAQ3S9DQ9WGX5K7XNS,nvidia-geforce-rtx-4080-super-and-rtx-4080-graphics-cards,NVIDIA GeForce RTX 4080 SUPER and RTX 4080 Graphics Cards,,published,,"Elevate your gaming and creative experience with the NVIDIA GeForce RTX 4080 SUPER and RTX 4080, featuring advanced ray tracing and AI-powered graphics.",false,true,http://localhost:9000/static/1786968694437-nvidia-geforce-rtx-4080-super-and-rtx-4080-graphics-cards.jpg,,,,,,,,,,,Mon Aug 17 2026 15:11:34 GMT+0300 (East Africa Time),Mon Aug 17 2026 15:11:34 GMT+0300 (East Africa Time),,http://localhost:9000/static/1786968694437-nvidia-geforce-rtx-4080-super-and-rtx-4080-graphics-cards.jpg,,variant_01M07T4QPZZMJS9W5M22H7F7VF,Default,INGEST-NVIDIA-GEFORCE-RTX-4080-SUPER-AND-RTX-4080-GRAPHICS-CARDS,,,,false,true,,,,,,,,,,0,,prod_01M07T4QNAQ3S9DQ9WGX5K7XNS,Mon Aug 17 2026 15:11:34 GMT+0300 (East Africa Time),Mon Aug 17 2026 15:11:34 GMT+0300 (East Africa Time),,,,opt_01M07T4QNACXJPBEK7W2FJB7CN,Configuration,Default,http://localhost:9000/static/1786968694437-nvidia-geforce-rtx-4080-super-and-rtx-4080-graphics-cards.jpg,999.99
prod_01M07T4VEH0WYW5SH25GWJ8V15,nvidia-geforce-rtx-4070-family-graphics-cards,NVIDIA GeForce RTX 4070 Family Graphics Cards,,published,,"Get equipped for supercharged gaming and creating with NVIDIA GeForce RTX 4070 Ti SUPER, RTX 4070 SUPER, RTX 4070 Ti, and RTX 4070 graphics cards.",false,true,http://localhost:9000/static/1786968698312-nvidia-geforce-rtx-4070-family-graphics-cards.jpg,,,,,,,,,,,Mon Aug 17 2026 15:11:38 GMT+0300 (East Africa Time),Mon Aug 17 2026 15:11:38 GMT+0300 (East Africa Time),,http://localhost:9000/static/1786968698312-nvidia-geforce-rtx-4070-family-graphics-cards.jpg,,variant_01M07T4VGBRVZYGBMW2S5FSTS7,Default,INGEST-NVIDIA-GEFORCE-RTX-4070-FAMILY-GRAPHICS-CARDS,,,,false,true,,,,,,,,,,0,,prod_01M07T4VEH0WYW5SH25GWJ8V15,Mon Aug 17 2026 15:11:38 GMT+0300 (East Africa Time),Mon Aug 17 2026 15:11:38 GMT+0300 (East Africa Time),,,,opt_01M07T4VEH2SSEQJXW62CVC7BS,Configuration,Default,http://localhost:9000/static/1786968698312-nvidia-geforce-rtx-4070-family-graphics-cards.jpg,799.99
prod_01M07T4Z0T85CKTD4X9ZSD3F9Q,radeon-rx-7900-xtx,Radeon™ RX 7900 XTX,,published,,"AMD Radeon™ RX 7900 XTX graphics deliver next-generation performance, visuals, and efficiency at 4K and beyond.",false,true,http://localhost:9000/static/1786968701971-radeon-rx-7900-xtx.jpg,,,,,,,,,,,Mon Aug 17 2026 15:11:41 GMT+0300 (East Africa Time),Mon Aug 17 2026 15:11:41 GMT+0300 (East Africa Time),,http://localhost:9000/static/1786968701971-radeon-rx-7900-xtx.jpg,,variant_01M07T4Z2JPA9JDEJ0K3PXHJ0H,Default,INGEST-RADEON-RX-7900-XTX,,,,false,true,,,,,,,,,,0,,prod_01M07T4Z0T85CKTD4X9ZSD3F9Q,Mon Aug 17 2026 15:11:42 GMT+0300 (East Africa Time),Mon Aug 17 2026 15:11:42 GMT+0300 (East Africa Time),,,,opt_01M07T4Z0T61RZ0XGTRPBKMVN1,Configuration,Default,http://localhost:9000/static/1786968701971-radeon-rx-7900-xtx.jpg,949.99
prod_01M07T51895FSPFZW58TDTXJ14,radeon-rx-7800-xt,Radeon™ RX 7800 XT,,published,,"The ultimate 1440p card, with 16GB of Memory to jump into 4K, featuring next generation technologies to deliver what matters most; ultra-fast, ultra-smooth gaming and streaming.",false,true,http://localhost:9000/static/1786968704259-radeon-rx-7800-xt.jpg,,,,,,,,,,,Mon Aug 17 2026 15:11:44 GMT+0300 (East Africa Time),Mon Aug 17 2026 15:11:44 GMT+0300 (East Africa Time),,http://localhost:9000/static/1786968704259-radeon-rx-7800-xt.jpg,,variant_01M07T519YJSBS4N5WT3PC4B7B,Default,INGEST-RADEON-RX-7800-XT,,,,false,true,,,,,,,,,,0,,prod_01M07T51895FSPFZW58TDTXJ14,Mon Aug 17 2026 15:11:44 GMT+0300 (East Africa Time),Mon Aug 17 2026 15:11:44 GMT+0300 (East Africa Time),,,,opt_01M07T5189MM6C5B1ZBTHWPN3J,Configuration,Default,http://localhost:9000/static/1786968704259-radeon-rx-7800-xt.jpg,499.99
prod_01M07T56JZ511XYE541SH66PCB,rog-strix-z790-e-gaming-wifi,ROG STRIX Z790-E GAMING WIFI,,published,,"The ROG Strix Z790-E Gaming WiFi supercharges builds with its robust 18-stage power solution, hyperspeed DDR5 memory, and next-gen PCIe 5.0 connectivity. It features five M.2 SSD slots with heatsinks, USB 3.2 Gen 2x2 support, WiFi 6E, AI Overclocking, AI Cooling II, AI Networking, Two-Way AI Noise Cancelation, and Aura Sync RGB lighting.",false,true,http://localhost:9000/static/1786968709718-rog-strix-z790-e-gaming-wifi.png,,,,,,,,,,,Mon Aug 17 2026 15:11:49 GMT+0300 (East Africa Time),Mon Aug 17 2026 15:11:49 GMT+0300 (East Africa Time),,http://localhost:9000/static/1786968709718-rog-strix-z790-e-gaming-wifi.png,,variant_01M07T56MR8A87ZXAY65R25DDZ,Default,INGEST-ROG-STRIX-Z790-E-GAMING-WIFI,,,,false,true,,,,,,,,,,0,,prod_01M07T56JZ511XYE541SH66PCB,Mon Aug 17 2026 15:11:49 GMT+0300 (East Africa Time),Mon Aug 17 2026 15:11:49 GMT+0300 (East Africa Time),,,,opt_01M07T56JZYW7VYQR16VZX83H3,Configuration,Default,http://localhost:9000/static/1786968709718-rog-strix-z790-e-gaming-wifi.png,379.99
prod_01M07T5FQ9GF5MX6E8EEE742J4,tuf-gaming-b650-plus-wifi,TUF GAMING B650-PLUS WIFI,,published,,"TUF GAMING B650-PLUS WIFI is equipped with outstanding features, including 6-layer PCB design, DDR5, PCIe 5.0 M.2 support, Realtek 2.5Gb Ethernet, rear USB 3.2 Gen2x2 Type-C®, front USB 3.2 Gen 1 Type-C®, BIOS FlashBack™, DisplayPort/HDMI, USB4® (Thunderbolt™ 4) header, Addressable Gen 2 headers, Aura RGB header, Aura Sync, Q-LED Core, ASUS OptiMem II, Fan Xpert 4, Power Saving, Armoury Crate, ASUS TUF PROTECTION and SafeSlot Core+, which will bring users maximizing performance, stability and compatibility for the very best DIY PC experiences.",false,true,http://localhost:9000/static/1786968719068-tuf-gaming-b650-plus-wifi.png,,,,,,,,,,,Mon Aug 17 2026 15:11:59 GMT+0300 (East Africa Time),Mon Aug 17 2026 15:11:59 GMT+0300 (East Africa Time),,http://localhost:9000/static/1786968719068-tuf-gaming-b650-plus-wifi.png,,variant_01M07T5FRXWFPZGPF07F4X4G3Z,Default,21080,,,,false,true,,,,,,,,,,0,,prod_01M07T5FQ9GF5MX6E8EEE742J4,Mon Aug 17 2026 15:11:59 GMT+0300 (East Africa Time),Mon Aug 17 2026 15:11:59 GMT+0300 (East Africa Time),,,,opt_01M07T5FQ9JMEZMZKB87K21JYG,Configuration,Default,http://localhost:9000/static/1786968719068-tuf-gaming-b650-plus-wifi.png,199.99
prod_01M07T5RF3ZMNFKW5KEQVZ1H5G,vengeance-32gb-2x16gb-ddr5-dram-up-to-6000mt-s-cl36-memory-kit-black,VENGEANCE® 32GB (2x16GB) DDR5 DRAM Up To 6000MT/s CL36 Memory Kit — Black,,published,,"CORSAIR VENGEANCE DDR5, optimized for Intel® motherboards, delivers higher frequencies and greater capacities of DDR5 technology in a high-quality, compact module that suits your system.",false,true,http://localhost:9000/static/1786968728028-vengeance-32gb-2x16gb-ddr5-dram-up-to-6000mt-s-cl36-memory-kit-black.webp,,,,,,,,,,,Mon Aug 17 2026 15:12:08 GMT+0300 (East Africa Time),Mon Aug 17 2026 15:12:08 GMT+0300 (East Africa Time),,http://localhost:9000/static/1786968728028-vengeance-32gb-2x16gb-ddr5-dram-up-to-6000mt-s-cl36-memory-kit-black.webp,,variant_01M07T5RG0S0JCSJJE6ZZW74X7,Default,CMK32GX5M2B6000C36,,,,false,true,,,,,,,,,,0,,prod_01M07T5RF3ZMNFKW5KEQVZ1H5G,Mon Aug 17 2026 15:12:08 GMT+0300 (East Africa Time),Mon Aug 17 2026 15:12:08 GMT+0300 (East Africa Time),,,,opt_01M07T5RF38ZFH8WDRE1PZCZ1Y,Configuration,Default,http://localhost:9000/static/1786968728028-vengeance-32gb-2x16gb-ddr5-dram-up-to-6000mt-s-cl36-memory-kit-black.webp,109.99
prod_01M07T615W298HV6NJBT8EACWD,desktop-memory-u-dimm-cu-dimm-trident-z5-rgb-ddr5-intel-xmp-g-skill-international-enterprise-co,"Desktop Memory (U-DIMM/CU-DIMM) - Trident Z5 RGB (DDR5/Intel XMP) - G.SKILL International Enterprise Co., Ltd.",,published,,"Designed for performance, G.SKILL desktop memory is engineered from hand-selected components and rigorously tested for stability and compatibility.",false,true,http://localhost:9000/static/1786968736949-desktop-memory-u-dimm-cu-dimm-trident-z5-rgb-ddr5-intel-xmp-g-skill-international-enterprise-co.png,,,,,,,,,,,Mon Aug 17 2026 15:12:16 GMT+0300 (East Africa Time),Mon Aug 17 2026 15:12:16 GMT+0300 (East Africa Time),,http://localhost:9000/static/1786968736949-desktop-memory-u-dimm-cu-dimm-trident-z5-rgb-ddr5-intel-xmp-g-skill-international-enterprise-co.png,,variant_01M07T616RENSPMRST7DRSB745,Default,INGEST-DESKTOP-MEMORY-U-DIMM-CU-DIMM-TRIDENT-Z5-RGB-DDR5-INTEL-XMP-G-SKILL-INTERNATIONAL-ENTERPRISE-CO,,,,false,true,,,,,,,,,,0,,prod_01M07T615W298HV6NJBT8EACWD,Mon Aug 17 2026 15:12:16 GMT+0300 (East Africa Time),Mon Aug 17 2026 15:12:16 GMT+0300 (East Africa Time),,,,opt_01M07T615WF6B3TFD8RBYZ7KVS,Configuration,Default,http://localhost:9000/static/1786968736949-desktop-memory-u-dimm-cu-dimm-trident-z5-rgb-ddr5-intel-xmp-g-skill-international-enterprise-co.png,119.99
prod_01M07T6P60N0MMCN21K8A403V5,rmx-series-rm1000x-fully-modular-power-supply,RMx Series RM1000x Fully Modular Power Supply,,published,,"Cybenetics Gold-certified ATX 3.1 and PCIe 5.1 compliant PSU built with 100% Japanese capacitors for superb electrical performance, featuring fully modular connections for easy building.",false,true,http://localhost:9000/static/1786968758459-rmx-series-rm1000x-fully-modular-power-supply.webp,,,,,,,,,,,Mon Aug 17 2026 15:12:38 GMT+0300 (East Africa Time),Mon Aug 17 2026 15:12:38 GMT+0300 (East Africa Time),,http://localhost:9000/static/1786968758459-rmx-series-rm1000x-fully-modular-power-supply.webp,,variant_01M07T6P6XZFSTJBG72KR0GMHA,Default,CP-9020271-NA,,,,false,true,,,,,,,,,,0,,prod_01M07T6P60N0MMCN21K8A403V5,Mon Aug 17 2026 15:12:38 GMT+0300 (East Africa Time),Mon Aug 17 2026 15:12:38 GMT+0300 (East Africa Time),,,,opt_01M07T6P6039TR3HZ65XZPHVDC,Configuration,Default,http://localhost:9000/static/1786968758459-rmx-series-rm1000x-fully-modular-power-supply.webp,189.99
prod_01M07T7080TQ6ZKK2N6RQJGNPW,seasonic-focus-gx-850-850w-80-gold-full-modular-atx-form-factor-low-noise-premium-japanese-capa,"Seasonic FOCUS GX-850, 850W 80+ Gold, Full-Modular, ATX Form Factor, Low Noise, Premium Japanese Capacitor, 10 Year Warranty, Nvidia RTX 30/40 Super, AMD GPU Compatible, Ref# SSR-850FX",,published,,"Buy Seasonic FOCUS GX-850, 850W 80+ Gold, Full-Modular, ATX Form Factor, Low Noise, Premium Japanese Capacitor, 10 Year Warranty, Nvidia RTX 30/40 Super, AMD GPU Compatible, Ref# SSR-850FX with fast shipping and top-rated customer service. Newegg shopping upgraded ™",false,true,http://localhost:9000/static/1786968768762-seasonic-focus-gx-850-850w-80-gold-full-modular-atx-form-factor-low-noise-premium-japanese-capa.jpg,,,,,,,,,,,Mon Aug 17 2026 15:12:48 GMT+0300 (East Africa Time),Mon Aug 17 2026 15:12:48 GMT+0300 (East Africa Time),,http://localhost:9000/static/1786968768762-seasonic-focus-gx-850-850w-80-gold-full-modular-atx-form-factor-low-noise-premium-japanese-capa.jpg,,variant_01M07T708WP23S0ZHCG4FGXJZJ,Default,INGEST-SEASONIC-FOCUS-GX-850-850W-80-GOLD-FULL-MODULAR-ATX-FORM-FACTOR-LOW-NOISE-PREMIUM-JAPANESE-CAPA,,,,false,true,,,,,,,,,,0,,prod_01M07T7080TQ6ZKK2N6RQJGNPW,Mon Aug 17 2026 15:12:48 GMT+0300 (East Africa Time),Mon Aug 17 2026 15:12:48 GMT+0300 (East Africa Time),,,,opt_01M07T7080Z62AYPV42CZ1SNTE,Configuration,Default,http://localhost:9000/static/1786968768762-seasonic-focus-gx-850-850w-80-gold-full-modular-atx-form-factor-low-noise-premium-japanese-capa.jpg,129.99
prod_01M07T76PD30S0N23NRCJRBHXT,h7-flow,H7 Flow,,published,,"NZXT H7 Flow mid-tower ATX case with perforated front panel, 360mm radiator support, F Series Quiet fans, and toolless entry. Available in black and white.",false,true,http://localhost:9000/static/1786968775366-h7-flow.png,,,,,,,,,,,Mon Aug 17 2026 15:12:55 GMT+0300 (East Africa Time),Mon Aug 17 2026 15:12:55 GMT+0300 (East Africa Time),,http://localhost:9000/static/1786968775366-h7-flow.png,,variant_01M07T76R03CPS0HQX1THBHFKD,Default,INGEST-H7-FLOW,,,,false,true,,,,,,,,,,0,,prod_01M07T76PD30S0N23NRCJRBHXT,Mon Aug 17 2026 15:12:55 GMT+0300 (East Africa Time),Mon Aug 17 2026 15:12:55 GMT+0300 (East Africa Time),,,,opt_01M07T76PD3P1KKYDRY1YXHZF7,Configuration,Default,http://localhost:9000/static/1786968775366-h7-flow.png,129.99
prod_01M07T7B8RDVHA0GEW01QY6GW3,4000d-airflow-tempered-glass-mid-tower-atx-case-black,4000D AIRFLOW Tempered Glass Mid-Tower ATX Case — Black,,published,,"The CORSAIR 4000D is a distinctive, yet minimalist, mid-tower ATX case with easy cable management and exceptional cooling, with two included CORSAIR AirGuide fans.",false,true,http://localhost:9000/static/1786968780051-4000d-airflow-tempered-glass-mid-tower-atx-case-black.webp,,,,,,,,,,,Mon Aug 17 2026 15:13:00 GMT+0300 (East Africa Time),Mon Aug 17 2026 15:13:00 GMT+0300 (East Africa Time),,http://localhost:9000/static/1786968780051-4000d-airflow-tempered-glass-mid-tower-atx-case-black.webp,,variant_01M07T7B9FTFVKPQE8XMMW668S,Default,CC-9011200-WW,,,,false,true,,,,,,,,,,0,,prod_01M07T7B8RDVHA0GEW01QY6GW3,Mon Aug 17 2026 15:13:00 GMT+0300 (East Africa Time),Mon Aug 17 2026 15:13:00 GMT+0300 (East Africa Time),,,,opt_01M07T7B8RBJ44X32HBTX9M7NY,Configuration,Default,http://localhost:9000/static/1786968780051-4000d-airflow-tempered-glass-mid-tower-atx-case-black.webp,104.99
prod_01M07T7EV2TQPA5PR3G24XJRR7,north-pc-case-series-fractal-design,North PC Case Series — Fractal Design,,published,,"North reimagines the gaming PC, introducing natural materials and bespoke details to make gaming a stylish addition to your living space.",false,true,http://localhost:9000/static/1786968783707-north-pc-case-series-fractal-design.jpg,,,,,,,,,,,Mon Aug 17 2026 15:13:03 GMT+0300 (East Africa Time),Mon Aug 17 2026 15:13:03 GMT+0300 (East Africa Time),,http://localhost:9000/static/1786968783707-north-pc-case-series-fractal-design.jpg,,variant_01M07T7EWKTQG6P9AVXK6XMZ7T,Default,INGEST-NORTH-PC-CASE-SERIES-FRACTAL-DESIGN,,,,false,true,,,,,,,,,,0,,prod_01M07T7EV2TQPA5PR3G24XJRR7,Mon Aug 17 2026 15:13:03 GMT+0300 (East Africa Time),Mon Aug 17 2026 15:13:03 GMT+0300 (East Africa Time),,,,opt_01M07T7EV2W61V7TMY7C9A9WD9,Configuration,Default,http://localhost:9000/static/1786968783707-north-pc-case-series-fractal-design.jpg,139.99
prod_01M07T7RGC03Z9BF9MG67SEY97,arctic-cooling-mounts-equipment,"ARCTIC - Cooling, Mounts, Equipment",,published,,ACFRE00136A | The brand new Liquid Freezer III 360 now available | New design and higher performance thanks to an in-house developed pump in a new format | Liquid Freezer III | 23 Years ARCTIC,false,true,http://localhost:9000/static/1786968793607-arctic-cooling-mounts-equipment.png,,,,,,,,,,,Mon Aug 17 2026 15:13:13 GMT+0300 (East Africa Time),Mon Aug 17 2026 15:13:13 GMT+0300 (East Africa Time),,http://localhost:9000/static/1786968793607-arctic-cooling-mounts-equipment.png,,variant_01M07T7RHGPZ65PFR46W3RPZAB,Default,INGEST-ARCTIC-COOLING-MOUNTS-EQUIPMENT,,,,false,true,,,,,,,,,,0,,prod_01M07T7RGC03Z9BF9MG67SEY97,Mon Aug 17 2026 15:13:13 GMT+0300 (East Africa Time),Mon Aug 17 2026 15:13:13 GMT+0300 (East Africa Time),,,,opt_01M07T7RGCF6ZKHDX4PR4RES33,Configuration,Default,http://localhost:9000/static/1786968793607-arctic-cooling-mounts-equipment.png,139.99
prod_01M07T7Y6C402EWXV2CVE3F8DR,pro-x-superlight-2,PRO X SUPERLIGHT 2,,published,,"Shop PRO X Superlight 2 Gaming Mouse. Features LIGHTFORCE switches, HERO 2 sensor, up to 95 hr battery life, smooth glide mouse feet, USB-C charging, POWERPLAY",false,true,http://localhost:9000/static/1786968799430-pro-x-superlight-2.png,,,,,,,,,,,Mon Aug 17 2026 15:13:19 GMT+0300 (East Africa Time),Mon Aug 17 2026 15:13:19 GMT+0300 (East Africa Time),,http://localhost:9000/static/1786968799430-pro-x-superlight-2.png,,variant_01M07T7Y791JRYZJX3S81XDA3K,Default,INGEST-PRO-X-SUPERLIGHT-2,,,,false,true,,,,,,,,,,0,,prod_01M07T7Y6C402EWXV2CVE3F8DR,Mon Aug 17 2026 15:13:19 GMT+0300 (East Africa Time),Mon Aug 17 2026 15:13:19 GMT+0300 (East Africa Time),,,,opt_01M07T7Y6CQ58PQ8M07NFPBP8T,Configuration,Default,http://localhost:9000/static/1786968799430-pro-x-superlight-2.png,159.99
prod_01M07T85EZCX17MCE8ZW0DHQX1,keychron,Keychron,,published,,"Keychron Q1 version 2 is a fully customized 75% layout mechanical keyboard packed with all premium features and unlimited possibilities. Q1 is an all-metal keyboard that allows customizable capabilities for every key switch, keycap, knob, and stabilizer. It’s made for your personalized experience and a more comfortable typing experience.",false,true,http://localhost:9000/static/1786968806873-keychron.jpg,,,,,,,,,,,Mon Aug 17 2026 15:13:26 GMT+0300 (East Africa Time),Mon Aug 17 2026 15:13:26 GMT+0300 (East Africa Time),,http://localhost:9000/static/1786968806873-keychron.jpg,,variant_01M07T85FWTGZ2QDYBPCR6R1WG,Default,INGEST-KEYCHRON,,,,false,true,,,,,,,,,,0,,prod_01M07T85EZCX17MCE8ZW0DHQX1,Mon Aug 17 2026 15:13:26 GMT+0300 (East Africa Time),Mon Aug 17 2026 15:13:26 GMT+0300 (East Africa Time),,,,opt_01M07T85EZ8D303X3XM8YRGMS2,Configuration,Default,http://localhost:9000/static/1786968806873-keychron.jpg,169.99
prod_01M07T9XZ400EYDJBD5XHKC59T,intel-core-i9-14900k,Intel Core i9-14900K,,published,,"Benchmarks, specifications, and user reviews for Intel Core i9-14900K. Compare the CPU with other processors and find out how it performs in tests.",false,true,http://localhost:9000/static/1786968864728-intel-core-i9-14900k.png,,,,,,,,,,,Mon Aug 17 2026 15:14:24 GMT+0300 (East Africa Time),Mon Aug 17 2026 15:14:24 GMT+0300 (East Africa Time),,http://localhost:9000/static/1786968864728-intel-core-i9-14900k.png,,variant_01M07T9Y19BSQ3Z4C7GG5YF0GP,Default,INGEST-INTEL-CORE-I9-14900K,,,,false,true,,,,,,,,,,0,,prod_01M07T9XZ400EYDJBD5XHKC59T,Mon Aug 17 2026 15:14:24 GMT+0300 (East Africa Time),Mon Aug 17 2026 15:14:24 GMT+0300 (East Africa Time),,,,opt_01M07T9XZ4B5Z2R83MA73CZWTV,Configuration,Default,http://localhost:9000/static/1786968864728-intel-core-i9-14900k.png,549.99
prod_01M07TA4MHTVVQA1CK32HD4YXC,intel-core-i7-14700k,Intel Core i7-14700K,,published,,"Benchmarks, specifications, and user reviews for Intel Core i7-14700K. Compare the CPU with other processors and find out how it performs in tests.",false,true,http://localhost:9000/static/1786968871561-intel-core-i7-14700k.png,,,,,,,,,,,Mon Aug 17 2026 15:14:31 GMT+0300 (East Africa Time),Mon Aug 17 2026 15:14:31 GMT+0300 (East Africa Time),,http://localhost:9000/static/1786968871561-intel-core-i7-14700k.png,,variant_01M07TA4NSCCRXJXDGWZGXKB4D,Default,INGEST-INTEL-CORE-I7-14700K,,,,false,true,,,,,,,,,,0,,prod_01M07TA4MHTVVQA1CK32HD4YXC,Mon Aug 17 2026 15:14:31 GMT+0300 (East Africa Time),Mon Aug 17 2026 15:14:31 GMT+0300 (East Africa Time),,,,opt_01M07TA4MH5K7Y3M0ANT1BRVYK,Configuration,Default,http://localhost:9000/static/1786968871561-intel-core-i7-14700k.png,399.99
prod_01M07TAM38XE6W1XBGCE5HAD6Y,amd-radeon-rx-7800-xt-drivers-and-downloads-latest-version,AMD Radeon™ RX 7800 XT Drivers and Downloads | Latest Version,,published,,Get drivers and downloads for the latest version of AMD Radeon™ RX 7800 XT,false,true,http://localhost:9000/static/1786968887392-amd-radeon-rx-7800-xt-drivers-and-downloads-latest-version.jpg,,,,,,,,,,,Mon Aug 17 2026 15:14:47 GMT+0300 (East Africa Time),Mon Aug 17 2026 15:14:47 GMT+0300 (East Africa Time),,http://localhost:9000/static/1786968887392-amd-radeon-rx-7800-xt-drivers-and-downloads-latest-version.jpg,,variant_01M07TAM4EA9N2WC7E0FMEE5G8,Default,INGEST-AMD-RADEON-RX-7800-XT-DRIVERS-AND-DOWNLOADS-LATEST-VERSION,,,,false,true,,,,,,,,,,0,,prod_01M07TAM38XE6W1XBGCE5HAD6Y,Mon Aug 17 2026 15:14:47 GMT+0300 (East Africa Time),Mon Aug 17 2026 15:14:47 GMT+0300 (East Africa Time),,,,opt_01M07TAM38X1DSSS1YHFFDTGSJ,Configuration,Default,http://localhost:9000/static/1786968887392-amd-radeon-rx-7800-xt-drivers-and-downloads-latest-version.jpg,499.99
prod_01M07TAX1V4F1DKCG1Y23Z7063,mpg-z790-carbon-wifi,MPG Z790 CARBON WIFI,,published,,"MPG series motherboards offer carbon black color scheme for PC build, tuned for better performance by direct 19 phases VRM power, DDR5 memory with Memory Boost, Lightning Gen5 solution, Premium Thermal Solution, Wi-Fi 6E, 2.5G LAN, USB 3.2 Gen 2x2",false,true,http://localhost:9000/static/1786968896565-mpg-z790-carbon-wifi.webp,,,,,,,,,,,Mon Aug 17 2026 15:14:56 GMT+0300 (East Africa Time),Mon Aug 17 2026 15:14:56 GMT+0300 (East Africa Time),,http://localhost:9000/static/1786968896565-mpg-z790-carbon-wifi.webp,,variant_01M07TAX2T7QRVNDE5GKZ7435C,Default,INGEST-MPG-Z790-CARBON-WIFI,,,,false,true,,,,,,,,,,0,,prod_01M07TAX1V4F1DKCG1Y23Z7063,Mon Aug 17 2026 15:14:56 GMT+0300 (East Africa Time),Mon Aug 17 2026 15:14:56 GMT+0300 (East Africa Time),,,,opt_01M07TAX1V0HSMR0BYF3ZNV970,Configuration,Default,http://localhost:9000/static/1786968896565-mpg-z790-carbon-wifi.webp,349.99
prod_01M07TB21WM73617QZP8GZPJ19,mag-b650-tomahawk-wifi,MAG B650 TOMAHAWK WIFI,,published,,"Powered by AMD Ryzen 7000 series processors, the MSI MAG B650 TOMAHAWK WIFI is hardened with performance essential specifications to outlast enemies. Tuned for better performance by Core boost, memory Boost, Premium Thermal Solution, M.2 Shield Frozr.",false,true,http://localhost:9000/static/1786968901684-mag-b650-tomahawk-wifi.webp,,,,,,,,,,,Mon Aug 17 2026 15:15:01 GMT+0300 (East Africa Time),Mon Aug 17 2026 15:15:01 GMT+0300 (East Africa Time),,http://localhost:9000/static/1786968901684-mag-b650-tomahawk-wifi.webp,,variant_01M07TB239NVHM0E5VSTP6K9MF,Default,INGEST-MAG-B650-TOMAHAWK-WIFI,,,,false,true,,,,,,,,,,0,,prod_01M07TB21WM73617QZP8GZPJ19,Mon Aug 17 2026 15:15:01 GMT+0300 (East Africa Time),Mon Aug 17 2026 15:15:01 GMT+0300 (East Africa Time),,,,opt_01M07TB21WVFNRPFGWB6PWX254,Configuration,Default,http://localhost:9000/static/1786968901684-mag-b650-tomahawk-wifi.webp,219.99
prod_01M07TBMQW7J6WYA0QAC4922YD,kingston-fury-beast-ddr5-sdram-ram-memory-walmart-com,Kingston FURY Beast DDR5 SDRAM RAM Memory - Walmart.com,,published,,Buy Kingston FURY Beast DDR5 SDRAM RAM Memory at Walmart.com,false,true,http://localhost:9000/static/1786968920820-kingston-fury-beast-ddr5-sdram-ram-memory-walmart-com.jpg,,,,,,,,,,,Mon Aug 17 2026 15:15:20 GMT+0300 (East Africa Time),Mon Aug 17 2026 15:15:20 GMT+0300 (East Africa Time),,http://localhost:9000/static/1786968920820-kingston-fury-beast-ddr5-sdram-ram-memory-walmart-com.jpg,,variant_01M07TBMRYXR541WDMKFMN8F2C,Default,INGEST-KINGSTON-FURY-BEAST-DDR5-SDRAM-RAM-MEMORY-WALMART-COM,,,,false,true,,,,,,,,,,0,,prod_01M07TBMQW7J6WYA0QAC4922YD,Mon Aug 17 2026 15:15:20 GMT+0300 (East Africa Time),Mon Aug 17 2026 15:15:20 GMT+0300 (East Africa Time),,,,opt_01M07TBMQW1R00D4P870QJM7XQ,Configuration,Default,http://localhost:9000/static/1786968920820-kingston-fury-beast-ddr5-sdram-ram-memory-walmart-com.jpg,99.99
prod_01M07TBTZ24GEE9GH4WE86YYCQ,990-pro-nvme-m-2-ssd-2-tb-mz-v9p2t0bw-samsung-cz,990 PRO NVMe™ M.2 SSD 2 TB MZ-V9P2T0BW | Samsung CZ,,published,,990 PRO NVMe™ M.2 SSD 2 TB - Podívejte se na vlastnosti a funkce. Zjistěte více a objevte to nejlepší v kategorii Paměti a úložiště na stránce Samsung Česká republika.,false,true,http://localhost:9000/static/1786968927195-990-pro-nvme-m-2-ssd-2-tb-mz-v9p2t0bw-samsung-cz.png,,,,,,,,,,,Mon Aug 17 2026 15:15:27 GMT+0300 (East Africa Time),Mon Aug 17 2026 15:15:27 GMT+0300 (East Africa Time),,http://localhost:9000/static/1786968927195-990-pro-nvme-m-2-ssd-2-tb-mz-v9p2t0bw-samsung-cz.png,,variant_01M07TBV0V0AVTDTPE5GZF3STB,Default,INGEST-990-PRO-NVME-M-2-SSD-2-TB-MZ-V9P2T0BW-SAMSUNG-CZ,,,,false,true,,,,,,,,,,0,,prod_01M07TBTZ24GEE9GH4WE86YYCQ,Mon Aug 17 2026 15:15:27 GMT+0300 (East Africa Time),Mon Aug 17 2026 15:15:27 GMT+0300 (East Africa Time),,,,opt_01M07TBTZ20D6A97V104RS9J78,Configuration,Default,http://localhost:9000/static/1786968927195-990-pro-nvme-m-2-ssd-2-tb-mz-v9p2t0bw-samsung-cz.png,169.99
prod_01M07TC3VJ3KQG100R723ZYJ97,sandisk-us,Sandisk - US,,published,,"High-performance SSDs, memory cards, and USB Flash Drives designed to prioritize speed, reliability, and energy efficiency for gamers, digital photography, and every day users.",false,true,http://localhost:9000/static/1786968936300-sandisk-us.png,,,,,,,,,,,Mon Aug 17 2026 15:15:36 GMT+0300 (East Africa Time),Mon Aug 17 2026 15:15:36 GMT+0300 (East Africa Time),,http://localhost:9000/static/1786968936300-sandisk-us.png,,variant_01M07TC3WMFA8YGRW4GTKG7X1G,Default,INGEST-SANDISK-US,,,,false,true,,,,,,,,,,0,,prod_01M07TC3VJ3KQG100R723ZYJ97,Mon Aug 17 2026 15:15:36 GMT+0300 (East Africa Time),Mon Aug 17 2026 15:15:36 GMT+0300 (East Africa Time),,,,opt_01M07TC3VJ6068G19FT3HD1RGK,Configuration,Default,http://localhost:9000/static/1786968936300-sandisk-us.png,149.99
prod_01M07TCH9VGSPGX4JVNENY2A3D,crucial-t500-2tb-gen4-nvme-m-2-internal-gaming-ssd-up-to-7400mb-s-laptop-desktop-compatible-1mo,"Crucial T500 2TB Gen4 NVMe M.2 Internal Gaming SSD, Up to 7400MB/s, laptop & desktop Compatible + 1mo Adobe CC All Apps - CT2000T500SSD8",,published,,"Experience lightning-fast gaming and content creation with the Crucial T500 2TB Gen4 NVMe M.2 SSD, offering speeds up to 7400MB/s. Compatible with laptops and desktops, it includes a month of Adobe Creative Cloud for enhanced productivity.",false,true,http://localhost:9000/static/1786968950065-crucial-t500-2tb-gen4-nvme-m-2-internal-gaming-ssd-up-to-7400mb-s-laptop-desktop-compatible-1mo.png,,,,,,,,,,,Mon Aug 17 2026 15:15:50 GMT+0300 (East Africa Time),Mon Aug 17 2026 15:15:50 GMT+0300 (East Africa Time),,http://localhost:9000/static/1786968950065-crucial-t500-2tb-gen4-nvme-m-2-internal-gaming-ssd-up-to-7400mb-s-laptop-desktop-compatible-1mo.png,,variant_01M07TCHB5YGEWWY80Q5RYXYJ4,Default,INGEST-CRUCIAL-T500-2TB-GEN4-NVME-M-2-INTERNAL-GAMING-SSD-UP-TO-7400MB-S-LAPTOP-DESKTOP-COMPATIBLE-1MO,,,,false,true,,,,,,,,,,0,,prod_01M07TCH9VGSPGX4JVNENY2A3D,Mon Aug 17 2026 15:15:50 GMT+0300 (East Africa Time),Mon Aug 17 2026 15:15:50 GMT+0300 (East Africa Time),,,,opt_01M07TCH9V85MPZT7DB6YPJGFT,Configuration,Default,http://localhost:9000/static/1786968950065-crucial-t500-2tb-gen4-nvme-m-2-internal-gaming-ssd-up-to-7400mb-s-laptop-desktop-compatible-1mo.png,139.99
prod_01M07TCXJK4Q3WVXHJRGNT5NVS,be-quiet-pure-power-12-850w-atx3-1-atx3-0-compatible-power-supply-80-plus-gold-certified-effici,be quiet! Pure Power 12 850W ATX3.1/ ATX3.0 Compatible Power Supply | 80 Plus GOLD Certified Efficiency | BP004US,,published,,"Experience reliable power with the be quiet! Pure Power 12 850W Power Supply. Featuring 80 PLUS GOLD efficiency and ATX3.1/ATX3.0 compatibility, it ensures optimal performance.",false,true,http://localhost:9000/static/1786968962633-be-quiet-pure-power-12-850w-atx3-1-atx3-0-compatible-power-supply-80-plus-gold-certified-effici.jpg,,,,,,,,,,,Mon Aug 17 2026 15:16:02 GMT+0300 (East Africa Time),Mon Aug 17 2026 15:16:02 GMT+0300 (East Africa Time),,http://localhost:9000/static/1786968962633-be-quiet-pure-power-12-850w-atx3-1-atx3-0-compatible-power-supply-80-plus-gold-certified-effici.jpg,,variant_01M07TCXKJP0T3R42CN940WZ77,Default,INGEST-BE-QUIET-PURE-POWER-12-850W-ATX3-1-ATX3-0-COMPATIBLE-POWER-SUPPLY-80-PLUS-GOLD-CERTIFIED-EFFICI,,,,false,true,,,,,,,,,,0,,prod_01M07TCXJK4Q3WVXHJRGNT5NVS,Mon Aug 17 2026 15:16:02 GMT+0300 (East Africa Time),Mon Aug 17 2026 15:16:02 GMT+0300 (East Africa Time),,,,opt_01M07TCXJKP3X22K19GDRJVWEZ,Configuration,Default,http://localhost:9000/static/1786968962633-be-quiet-pure-power-12-850w-atx3-1-atx3-0-compatible-power-supply-80-plus-gold-certified-effici.jpg,139.99
prod_01M07TDDD8QD0283PHF1TEZC7W,noctua-nh-d15-premium-cpu-cooler-with-2x-nf-a15-pwm-140mm-fans-brown,"Noctua NH-D15, Premium CPU Cooler with 2x NF-A15 PWM 140mm Fans (Brown)",,published,,"Buy Noctua NH-D15, Premium CPU Cooler with 2x NF-A15 PWM 140mm Fans (Brown) with fast shipping and top-rated customer service. Newegg shopping upgraded ™",false,true,http://localhost:9000/static/1786968978843-noctua-nh-d15-premium-cpu-cooler-with-2x-nf-a15-pwm-140mm-fans-brown.jpg,,,,,,,,,,,Mon Aug 17 2026 15:16:18 GMT+0300 (East Africa Time),Mon Aug 17 2026 15:16:18 GMT+0300 (East Africa Time),,http://localhost:9000/static/1786968978843-noctua-nh-d15-premium-cpu-cooler-with-2x-nf-a15-pwm-140mm-fans-brown.jpg,,variant_01M07TDDET4KFVGG68FS2FG0EZ,Default,INGEST-NOCTUA-NH-D15-PREMIUM-CPU-COOLER-WITH-2X-NF-A15-PWM-140MM-FANS-BROWN,,,,false,true,,,,,,,,,,0,,prod_01M07TDDD8QD0283PHF1TEZC7W,Mon Aug 17 2026 15:16:18 GMT+0300 (East Africa Time),Mon Aug 17 2026 15:16:18 GMT+0300 (East Africa Time),,,,opt_01M07TDDD8R31PCEESFSNGGRA2,Configuration,Default,http://localhost:9000/static/1786968978843-noctua-nh-d15-premium-cpu-cooler-with-2x-nf-a15-pwm-140mm-fans-brown.jpg,109.99
prod_01M07TE1YXV39X3A40SR2WP26E,dell-ultrasharp-27-4k-usb-c-hub-monitor-u2723qe,Dell UltraSharp 27 4K USB-C Hub Monitor - U2723QE,,published,,Be your most productive on a 27-inch 4K monitor with brilliant colour and contrast that features groundbreaking IPS Black technology and a connectivity hub.,false,true,http://localhost:9000/static/1786968999895-dell-ultrasharp-27-4k-usb-c-hub-monitor-u2723qe.png,,,,,,,,,,,Mon Aug 17 2026 15:16:39 GMT+0300 (East Africa Time),Mon Aug 17 2026 15:16:39 GMT+0300 (East Africa Time),,http://localhost:9000/static/1786968999895-dell-ultrasharp-27-4k-usb-c-hub-monitor-u2723qe.png,,variant_01M07TE1ZVX3STGAV767RSSNY9,Default,210-bdzq,,,,false,true,,,,,,,,,,0,,prod_01M07TE1YXV39X3A40SR2WP26E,Mon Aug 17 2026 15:16:39 GMT+0300 (East Africa Time),Mon Aug 17 2026 15:16:39 GMT+0300 (East Africa Time),,,,opt_01M07TE1YXX66M4K08SFP9A0XA,Configuration,Default,http://localhost:9000/static/1786968999895-dell-ultrasharp-27-4k-usb-c-hub-monitor-u2723qe.png,549.99
prod_01M07TJY5AN548R2WM0DWG0PZD,kingston-fury-beast-32gb-2x16gb-6000mt-s-ddr5-cl36-desktop-memory-amd-expo-plug-n-play-kit-of-2,Kingston FURY Beast 32GB (2x16GB) 6000MT/s DDR5 CL36 Desktop Memory | AMD EXPO | Plug N Play | Kit of 2| KF560C36BBE2K2-32 - Walmart.com,,published,,"Kingston FURY Beast DDR5 32GB (2x16GB) kit at 6000MT/s with on-die ECC, dual subchannels, and Plug N Play for stability and performance.",false,true,http://localhost:9000/static/1786969159836-kingston-fury-beast-32gb-2x16gb-6000mt-s-ddr5-cl36-desktop-memory-amd-expo-plug-n-play-kit-of-2.jpg,,,,,,,,,,,Mon Aug 17 2026 15:19:19 GMT+0300 (East Africa Time),Mon Aug 17 2026 15:19:19 GMT+0300 (East Africa Time),,http://localhost:9000/static/1786969159836-kingston-fury-beast-32gb-2x16gb-6000mt-s-ddr5-cl36-desktop-memory-amd-expo-plug-n-play-kit-of-2.jpg,,variant_01M07TJY7J3ENSRZ8KN4WWPXM7,Default,INGEST-KINGSTON-FURY-BEAST-32GB-2X16GB-6000MT-S-DDR5-CL36-DESKTOP-MEMORY-AMD-EXPO-PLUG-N-PLAY-KIT-OF-2,,,,false,true,,,,,,,,,,0,,prod_01M07TJY5AN548R2WM0DWG0PZD,Mon Aug 17 2026 15:19:19 GMT+0300 (East Africa Time),Mon Aug 17 2026 15:19:19 GMT+0300 (East Africa Time),,,,opt_01M07TJY5A1E5WXKK5T3EESP8A,Configuration,Default,http://localhost:9000/static/1786969159836-kingston-fury-beast-32gb-2x16gb-6000mt-s-ddr5-cl36-desktop-memory-amd-expo-plug-n-play-kit-of-2.jpg,99.99
prod_01M07TNFMWBF741JYHJ0ZCFC69,thinkpad-x1-carbon-gen-12-14-intel-laptop,ThinkPad X1 Carbon Gen 12 (14ʺ Intel) Laptop,,published,,"Our ultralight premium business laptop, the Lenovo ThinkPad X1 Carbon Gen 12 is powered by Intel vPro on the Evo Edition, with AI-based Intel Core Ultra CPUs.",false,true,http://localhost:9000/static/1786969243281-thinkpad-x1-carbon-gen-12-14-intel-laptop.png,,,,,,,,,,,Mon Aug 17 2026 15:20:43 GMT+0300 (East Africa Time),Mon Aug 17 2026 15:20:43 GMT+0300 (East Africa Time),,http://localhost:9000/static/1786969243281-thinkpad-x1-carbon-gen-12-14-intel-laptop.png,,variant_01M07TNFPFJ9RP8K6VXAPFY461,Default,LEN101T0083,,,,false,true,,,,,,,,,,0,,prod_01M07TNFMWBF741JYHJ0ZCFC69,Mon Aug 17 2026 15:20:43 GMT+0300 (East Africa Time),Mon Aug 17 2026 15:20:43 GMT+0300 (East Africa Time),,,,opt_01M07TNFMXTXTJTMR0GEZV93BR,Configuration,Default,http://localhost:9000/static/1786969243281-thinkpad-x1-carbon-gen-12-14-intel-laptop.png,1499.99
prod_01M07TPB3GQ4NKCENS2E0J6887,hp,HP,,published,,HP hardware component.,false,true,http://localhost:9000/static/1786969271400-hp.jpg,,,,,,,,,,,Mon Aug 17 2026 15:21:11 GMT+0300 (East Africa Time),Mon Aug 17 2026 15:21:11 GMT+0300 (East Africa Time),,http://localhost:9000/static/1786969271400-hp.jpg,,variant_01M07TPB4MAM0CVHF4797BC0H0,Default,INGEST-HP,,,,false,true,,,,,,,,,,0,,prod_01M07TPB3GQ4NKCENS2E0J6887,Mon Aug 17 2026 15:21:11 GMT+0300 (East Africa Time),Mon Aug 17 2026 15:21:11 GMT+0300 (East Africa Time),,,,opt_01M07TPB3GMRZQTEGRJMKXWY91,Configuration,Default,http://localhost:9000/static/1786969271400-hp.jpg,1399.99
prod_01M07TQFP3H77VBAGG60Y5ERMX,apple,Apple,,published,,"See what makes each Mac laptop and desktop different. And find the one that’s perfect for your life, your work, and your budget.",false,true,http://localhost:9000/static/1786969308859-apple.png,,,,,,,,,,,Mon Aug 17 2026 15:21:48 GMT+0300 (East Africa Time),Mon Aug 17 2026 15:21:48 GMT+0300 (East Africa Time),,http://localhost:9000/static/1786969308859-apple.png,,variant_01M07TQFQ477ZZN2Z2F5T8BTQ0,Default,INGEST-APPLE,,,,false,true,,,,,,,,,,0,,prod_01M07TQFP3H77VBAGG60Y5ERMX,Mon Aug 17 2026 15:21:48 GMT+0300 (East Africa Time),Mon Aug 17 2026 15:21:48 GMT+0300 (East Africa Time),,,,opt_01M07TQFP3ZJM0VQXXWTJ9XEHE,Configuration,Default,http://localhost:9000/static/1786969308859-apple.png,1099.99
prod_01M07TQRBEXWM4Z5QJSWZ0CC4M,rog-zephyrus-g14-2024,ROG Zephyrus G14 (2024),,published,,"Game and create on the go with the power of the all new 2024 Zephyrus G14. Powered by up to an AMD™ Ryzen 9 8940H processor and an NVIDIA® GeForce RTX™ 4070 Laptop GPU, this machine is ready to easily handle the latest games and creative applications. ​",false,true,http://localhost:9000/static/1786969317728-rog-zephyrus-g14-2024.png,,,,,,,,,,,Mon Aug 17 2026 15:21:57 GMT+0300 (East Africa Time),Mon Aug 17 2026 15:21:57 GMT+0300 (East Africa Time),,http://localhost:9000/static/1786969317728-rog-zephyrus-g14-2024.png,,variant_01M07TQRDX9KBE4WJ3G40QDTQ4,Default,INGEST-ROG-ZEPHYRUS-G14-2024,,,,false,true,,,,,,,,,,0,,prod_01M07TQRBEXWM4Z5QJSWZ0CC4M,Mon Aug 17 2026 15:21:57 GMT+0300 (East Africa Time),Mon Aug 17 2026 15:21:57 GMT+0300 (East Africa Time),,,,opt_01M07TQRBF0FVYVFZ702QXEVHC,Configuration,Default,http://localhost:9000/static/1786969317728-rog-zephyrus-g14-2024.png,1599.99
prod_01M07TQVA79ZVGXBAXEY8E45RN,asus-tuf-gaming-a15,ASUS TUF Gaming A15,,published,,"Geared for serious gaming and rocking a slick new style, TUF Gaming A15 is a feature-packed Windows 10 Pro gaming laptop with the power to carry you to victory. The new GeForce RTX™ 3070 GPU delivers fluid gameplay on up to a 240Hz display with 100% sRGB, while the potent AMD Ryzen™ 7 CPU is bolstered by improved cooling that amps CPU performance up to XX% and keeps acoustics stealthy. A long-lasting 90Wh battery coupled with TUF’s military-grade durability keeps you on your best game anywhere.",false,true,http://localhost:9000/static/1786969320763-asus-tuf-gaming-a15.png,,,,,,,,,,,Mon Aug 17 2026 15:22:00 GMT+0300 (East Africa Time),Mon Aug 17 2026 15:22:00 GMT+0300 (East Africa Time),,http://localhost:9000/static/1786969320763-asus-tuf-gaming-a15.png,,variant_01M07TQVCHDJJN78197935SY78,Default,15366,,,,false,true,,,,,,,,,,0,,prod_01M07TQVA79ZVGXBAXEY8E45RN,Mon Aug 17 2026 15:22:00 GMT+0300 (East Africa Time),Mon Aug 17 2026 15:22:00 GMT+0300 (East Africa Time),,,,opt_01M07TQVA7KCE77ZSC1DQPTDTK,Configuration,Default,http://localhost:9000/static/1786969320763-asus-tuf-gaming-a15.png,999.99
prod_01M07TQY66EV3Y1QCWVSE5CK7P,asus-zenbook-14-ux3405,ASUS Zenbook 14 (UX3405),,published,,"This ultraportable laptop has the day-long battery life you need, amplifying your efficiency with the top-tier Intel® processor, and ASUS Lumina OLED display.",false,true,http://localhost:9000/static/1786969323709-asus-zenbook-14-ux3405.png,,,,,,,,,,,Mon Aug 17 2026 15:22:03 GMT+0300 (East Africa Time),Mon Aug 17 2026 15:22:03 GMT+0300 (East Africa Time),,http://localhost:9000/static/1786969323709-asus-zenbook-14-ux3405.png,,variant_01M07TQY7G69V4VXK818J3TM1F,Default,22516,,,,false,true,,,,,,,,,,0,,prod_01M07TQY66EV3Y1QCWVSE5CK7P,Mon Aug 17 2026 15:22:03 GMT+0300 (East Africa Time),Mon Aug 17 2026 15:22:03 GMT+0300 (East Africa Time),,,,opt_01M07TQY660B829ESRMT6YKNG8,Configuration,Default,http://localhost:9000/static/1786969323709-asus-zenbook-14-ux3405.png,1199.99
prod_01M07TRGT7XHHJ285XX5MJ5Y5P,pcvenus,PCVenus,,published,,"This Acer Swift Go 14 has many new changes, including a 13th Gen Intel Core i7 13700H processor, Iris Xe graphics, 16GB of RAM, and a 14-inch touchscreen.",false,true,http://localhost:9000/static/1786969342786-pcvenus.jpg,,,,,,,,,,,Mon Aug 17 2026 15:22:22 GMT+0300 (East Africa Time),Mon Aug 17 2026 15:22:22 GMT+0300 (East Africa Time),,http://localhost:9000/static/1786969342786-pcvenus.jpg,,variant_01M07TRGV98J4H9THMT2PXQRTS,Default,INGEST-PCVENUS,,,,false,true,,,,,,,,,,0,,prod_01M07TRGT7XHHJ285XX5MJ5Y5P,Mon Aug 17 2026 15:22:22 GMT+0300 (East Africa Time),Mon Aug 17 2026 15:22:22 GMT+0300 (East Africa Time),,,,opt_01M07TRGT70ZWSZHBM68YRBWN5,Configuration,Default,http://localhost:9000/static/1786969342786-pcvenus.jpg,849.99
prod_01M07TRYT92F6A3RMCVZWT3K5P,acer-aspire-5,Acer Aspire 5,,published,,Shop for Acer Aspire 5 at Walmart.com. Save money. Live better,false,true,http://localhost:9000/static/1786969357122-acer-aspire-5.jpg,,,,,,,,,,,Mon Aug 17 2026 15:22:37 GMT+0300 (East Africa Time),Mon Aug 17 2026 15:22:37 GMT+0300 (East Africa Time),,http://localhost:9000/static/1786969357122-acer-aspire-5.jpg,,variant_01M07TRYW6YH44T1RNZYPBWYF6,Default,INGEST-ACER-ASPIRE-5,,,,false,true,,,,,,,,,,0,,prod_01M07TRYT92F6A3RMCVZWT3K5P,Mon Aug 17 2026 15:22:37 GMT+0300 (East Africa Time),Mon Aug 17 2026 15:22:37 GMT+0300 (East Africa Time),,,,opt_01M07TRYT9Y59PF4FTGGXWYVJS,Configuration,Default,http://localhost:9000/static/1786969357122-acer-aspire-5.jpg,599.99
prod_01M07TSDRHES86WX427BTE6F7Q,msi-raider-ge78-hx-13v-light-039-em-up,MSI Raider GE78 HX 13V – Light&#039;em Up,,published,,"Raider GE78 HX 13V is a portable gaming laptop packed with up to the latest Intel® Core™ i9-13980HX processor and the NVIDIA® GeForce RTX™ 4090 graphics, Raider series is the pinnacle of performance and has features to lead you beyond infinity.",false,true,http://localhost:9000/static/1786969372425-msi-raider-ge78-hx-13v-light-039-em-up.webp,,,,,,,,,,,Mon Aug 17 2026 15:22:52 GMT+0300 (East Africa Time),Mon Aug 17 2026 15:22:52 GMT+0300 (East Africa Time),,http://localhost:9000/static/1786969372425-msi-raider-ge78-hx-13v-light-039-em-up.webp,,variant_01M07TSDSW5W4Y5GPQ4D6T3GE2,Default,INGEST-MSI-RAIDER-GE78-HX-13V-LIGHT-039-EM-UP,,,,false,true,,,,,,,,,,0,,prod_01M07TSDRHES86WX427BTE6F7Q,Mon Aug 17 2026 15:22:52 GMT+0300 (East Africa Time),Mon Aug 17 2026 15:22:52 GMT+0300 (East Africa Time),,,,opt_01M07TSDRH9EC1DGA1FVNQAGCN,Configuration,Default,http://localhost:9000/static/1786969372425-msi-raider-ge78-hx-13v-light-039-em-up.webp,2499.99
prod_01M07TSG9W9PTNPGPW8XM8DQWW,msi-katana-15-b13v-sharpen-your-game,MSI Katana 15 B13V - Sharpen Your Game,,published,,"Katana 15 B13V now features Intel 13th Gen i7-13620H CPU and NVIDIA RTX 4060 GPU, with support of discrete graphics mode (MUX design), along with DDR5 RAM and NVMe PCIe Gen4 SSD, it is the perfect laptop for your RPG and fantasy Windows 11 gaming.",false,true,http://localhost:9000/static/1786969375031-msi-katana-15-b13v-sharpen-your-game.webp,,,,,,,,,,,Mon Aug 17 2026 15:22:55 GMT+0300 (East Africa Time),Mon Aug 17 2026 15:22:55 GMT+0300 (East Africa Time),,http://localhost:9000/static/1786969375031-msi-katana-15-b13v-sharpen-your-game.webp,,variant_01M07TSGAR41G3KK585CJD24XQ,Default,INGEST-MSI-KATANA-15-B13V-SHARPEN-YOUR-GAME,,,,false,true,,,,,,,,,,0,,prod_01M07TSG9W9PTNPGPW8XM8DQWW,Mon Aug 17 2026 15:22:55 GMT+0300 (East Africa Time),Mon Aug 17 2026 15:22:55 GMT+0300 (East Africa Time),,,,opt_01M07TSG9WBV4KXMYFX28WVAG6,Configuration,Default,http://localhost:9000/static/1786969375031-msi-katana-15-b13v-sharpen-your-game.webp,1099.99
prod_01M07TTCZWHPPYRD5GCHM17KQ2,laptop-lenovo-ideapad-slim-5-14iah8-83bf002nvn,Laptop Lenovo Ideapad Slim 5 14IAH8 83BF002NVN,,published,,"Lenovo Ideapad Slim 5 thiết kế mỏng nhẹ, tinh tế, bền bỉ, cấu hình mạnh mẽ, giảm 5% cho sinh viên. Mua ngay laptop Ideapad Slim 5 giá rẻ nhé!",false,true,http://localhost:9000/static/1786969404406-laptop-lenovo-ideapad-slim-5-14iah8-83bf002nvn.png,,,,,,,,,,,Mon Aug 17 2026 15:23:24 GMT+0300 (East Africa Time),Mon Aug 17 2026 15:23:24 GMT+0300 (East Africa Time),,http://localhost:9000/static/1786969404406-laptop-lenovo-ideapad-slim-5-14iah8-83bf002nvn.png,,variant_01M07TTD0SHMPM4DQSGHWE8DHT,Default,laptop-lenovo-ideapad-slim-5-14iah8-83bf002nvn,,,,false,true,,,,,,,,,,0,,prod_01M07TTCZWHPPYRD5GCHM17KQ2,Mon Aug 17 2026 15:23:24 GMT+0300 (East Africa Time),Mon Aug 17 2026 15:23:24 GMT+0300 (East Africa Time),,,,opt_01M07TTCZWNSPYZ9AKPHN8STJ8,Configuration,Default,http://localhost:9000/static/1786969404406-laptop-lenovo-ideapad-slim-5-14iah8-83bf002nvn.png,699.99
prod_01M07TTQZG2RFRYD216HEJARZP,cnet,CNET,,published,,The entry-level LOQ serves up modern components and good 3D performance for the price.,false,true,http://localhost:9000/static/1786969415652-cnet.jpg,,,,,,,,,,,Mon Aug 17 2026 15:23:35 GMT+0300 (East Africa Time),Mon Aug 17 2026 15:23:35 GMT+0300 (East Africa Time),,http://localhost:9000/static/1786969415652-cnet.jpg,variant_01M07TTR0Z51NPMMXG7GQC2XHE,Default,INGEST-CNET,,,,false,true,,,,,,,,,,0,,prod_01M07TTQZG2RFRYD216HEJARZP,Mon Aug 17 2026 15:23:35 GMT+0300 (East Africa Time),Mon Aug 17 2026 15:23:35 GMT+0300 (East Africa Time),,999.99,opt_01M07TTQZGRHP2YZ475H3GPF71,Configuration,Default,http://localhost:9000/static/1786969415652-cnet.jpg
prod_01M07TV3TYVCTVTEMWM8M5RH56,dell-latitude-7450-ultralight,Dell Latitude 7450 Ultralight,,published,,Dell&#039;s Latitude 7450 Ultralight is the lightest and thinnest of the three Latitude 7450 models. It&#039;s a real go-getter in the performance stakes and ideal for mobile professionals.,false,true,http://localhost:9000/static/1786969427800-dell-latitude-7450-ultralight.webp,,,,,,,,,,,Mon Aug 17 2026 15:23:47 GMT+0300 (East Africa Time),Mon Aug 17 2026 15:23:47 GMT+0300 (East Africa Time),,http://localhost:9000/static/1786969427800-dell-latitude-7450-ultralight.webp,variant_01M07TV3WS5QQX1MHJCRPTFF80,Default,INGEST-DELL-LATITUDE-7450-ULTRALIGHT,,,,false,true,,,,,,,,,,0,,prod_01M07TV3TYVCTVTEMWM8M5RH56,Mon Aug 17 2026 15:23:47 GMT+0300 (East Africa Time),Mon Aug 17 2026 15:23:47 GMT+0300 (East Africa Time),,1399.99,opt_01M07TV3TY53SDC9V782MA5Q55,Configuration,Default,http://localhost:9000/static/1786969427800-dell-latitude-7450-ultralight.webp
prod_01M07TVJAKW75REA9QHV39PY19,dell-inspiron-16-touchscreen-laptop-intel-core-7-150u-processor-fhd-1920-x-1200-windows-11-home,"Dell Inspiron 16"" Touchscreen Laptop - Intel Core 7 150U Processor - FHD+ (1920 x 1200) - Windows 11 Home",,published,,"Dell Inspiron 16"" Touchscreen Laptop - Intel Core 7 150U Processor - FHD+ (1920 x 1200) - Windows 11 Home, Intel® Core™ 7 Processor with 8 Efficiency and 2 Performance Cores (10 core), Crisp, Clear Visuals on a 16"" FHD+ Touchscreen Featuring Dell ComfortView Plus, Intel® Arc™ Graphics Provide Higher Image Quality Thanks to Advanced AI Algorithms, Full-size LED Backlit Keyboard with Number Pad, Fingerprint Reader, and Copilot Key, Windows 11 Home with Enhanced Design, Security, Efficiency, and More",false,true,http://localhost:9000/static/1786969442637-dell-inspiron-16-touchscreen-laptop-intel-core-7-150u-processor-fhd-1920-x-1200-windows-11-home.jpg,,,,,,,,,,,Mon Aug 17 2026 15:24:02 GMT+0300 (East Africa Time),Mon Aug 17 2026 15:24:02 GMT+0300 (East Africa Time),,http://localhost:9000/static/1786969442637-dell-inspiron-16-touchscreen-laptop-intel-core-7-150u-processor-fhd-1920-x-1200-windows-11-home.jpg,variant_01M07TVJBKDFX7XM41TQTAM8WZ,Default,1936246,,,,false,true,,,,,,,,,,0,,prod_01M07TVJAKW75REA9QHV39PY19,Mon Aug 17 2026 15:24:02 GMT+0300 (East Africa Time),Mon Aug 17 2026 15:24:02 GMT+0300 (East Africa Time),,799.99,opt_01M07TVJAKJ1Q6KT24NRQWBT3V,Configuration,Default,http://localhost:9000/static/1786969442637-dell-inspiron-16-touchscreen-laptop-intel-core-7-150u-processor-fhd-1920-x-1200-windows-11-home.jpg
prod_01M07TVNWC6P808P813607CXTV,omen-16-2025-intel-gaming-laptop-hp-official-site,OMEN 16 2025 INTEL GAMING LAPTOP| HP® Official Site,,published,,"The OMEN 16 is our coolest 16” laptop yet. With the latest next-gen components, and OMEN Tempest Cooling, the OMEN 16 has you covered. Learn more here.",false,true,http://localhost:9000/static/1786969446280-omen-16-2025-intel-gaming-laptop-hp-official-site.jpg,,,,,,,,,,,Mon Aug 17 2026 15:24:06 GMT+0300 (East Africa Time),Mon Aug 17 2026 15:24:06 GMT+0300 (East Africa Time),,http://localhost:9000/static/1786969446280-omen-16-2025-intel-gaming-laptop-hp-official-site.jpg,variant_01M07TVNX8EG3KB6RW5QSCKXAD,Default,INGEST-OMEN-16-2025-INTEL-GAMING-LAPTOP-HP-OFFICIAL-SITE,,,,false,true,,,,,,,,,,0,,prod_01M07TVNWC6P808P813607CXTV,Mon Aug 17 2026 15:24:06 GMT+0300 (East Africa Time),Mon Aug 17 2026 15:24:06 GMT+0300 (East Africa Time),,1399.99,opt_01M07TVNWCSYCCR936B29VFMFT,Configuration,Default,http://localhost:9000/static/1786969446280-omen-16-2025-intel-gaming-laptop-hp-official-site.jpg
prod_01M07TVQ99A60HE3FX94X41YCC,hp-victus-16-rtx-4070-gaming-laptop-hp-official-site,HP Victus 16 RTX 4070 Gaming Laptop | HP® Official Site,,published,,"Experience powerful gaming with the HP Victus 16 gaming laptop, featuring an AMD processor and NVIDIA RTX 4070 graphics. Unleash your gaming potential.",false,true,http://localhost:9000/static/1786969447716-hp-victus-16-rtx-4070-gaming-laptop-hp-official-site.jpg,,,,,,,,,,,Mon Aug 17 2026 15:24:07 GMT+0300 (East Africa Time),Mon Aug 17 2026 15:24:07 GMT+0300 (East Africa Time),,http://localhost:9000/static/1786969447716-hp-victus-16-rtx-4070-gaming-laptop-hp-official-site.jpg,variant_01M07TVQA3JA9J11MVDRHPZH0R,Default,INGEST-HP-VICTUS-16-RTX-4070-GAMING-LAPTOP-HP-OFFICIAL-SITE,,,,false,true,,,,,,,,,,0,,prod_01M07TVQ99A60HE3FX94X41YCC,Mon Aug 17 2026 15:24:07 GMT+0300 (East Africa Time),Mon Aug 17 2026 15:24:07 GMT+0300 (East Africa Time),,999.99,opt_01M07TVQ99VDM96ATR6XT931CF,Configuration,Default,http://localhost:9000/static/1786969447716-hp-victus-16-rtx-4070-gaming-laptop-hp-official-site.jpg
prod_01M07TVX2SXKRPB05GGJ9AAHEE,razer,Razer,,published,,The Razer Blade 15 gaming laptop is now available with the latest 12th Gen Intel® Core™ Processor (14-core) and NVIDIA® GeForce RTX™ 30 Series Laptop GPUs.,false,true,http://localhost:9000/static/1786969453653-razer.jpg,,,,,,,,,,,Mon Aug 17 2026 15:24:13 GMT+0300 (East Africa Time),Mon Aug 17 2026 15:24:13 GMT+0300 (East Africa Time),,http://localhost:9000/static/1786969453653-razer.jpg,variant_01M07TVX3JXDVK7XW004YW3R31,Default,INGEST-RAZER,,,,false,true,,,,,,,,,,0,,prod_01M07TVX2SXKRPB05GGJ9AAHEE,Mon Aug 17 2026 15:24:13 GMT+0300 (East Africa Time),Mon Aug 17 2026 15:24:13 GMT+0300 (East Africa Time),,1999.99,opt_01M07TVX2S66FJECE6F4KZ4M3V,Configuration,Default,http://localhost:9000/static/1786969453653-razer.jpg
prod_01M07TW4X1Z8K41Y29PZD6PHC8,surface-laptop-6-for-business,Surface Laptop 6 for Business,,published,,"Boost your productivity and creativity with Surface Laptop 6 for Business and Microsoft Copilot.¹˒² Get up to two-times faster performance³ with the latest Intel® Core™ Ultra processors (series H), 18.5 hours of battery life,⁴ and AI-powered tools to simplify daily tasks—all in a sleek design. Available in your choice of Platinum or Black⁵ and a 13.5 inch or 15 inch anti-reflective touchscreen display.",false,true,http://localhost:9000/static/1786969461661-surface-laptop-6-for-business.jpg,,,,,,,,,,,Mon Aug 17 2026 15:24:21 GMT+0300 (East Africa Time),Mon Aug 17 2026 15:24:21 GMT+0300 (East Africa Time),,http://localhost:9000/static/1786969461661-surface-laptop-6-for-business.jpg,variant_01M07TW4XTKTX80RS8NFQQV32S,Default,INGEST-SURFACE-LAPTOP-6-FOR-BUSINESS,,,,false,true,,,,,,,,,,0,,prod_01M07TW4X1Z8K41Y29PZD6PHC8,Mon Aug 17 2026 15:24:21 GMT+0300 (East Africa Time),Mon Aug 17 2026 15:24:21 GMT+0300 (East Africa Time),,1299.99,opt_01M07TW4X1CC4GG3JKFV26QEPK,Configuration,Default,http://localhost:9000/static/1786969461661-surface-laptop-6-for-business.jpg
prod_01M07TWE7D2FX7B562MZG8AM5Y,framework-laptop-13-pro,Framework Laptop 13 Pro,,published,,"Setup, repair, and upgrade guides for the Framework Laptop 13 Pro.",false,true,http://localhost:9000/static/1786969471208-framework-laptop-13-pro.jpg,,,,,,,,,,,Mon Aug 17 2026 15:24:31 GMT+0300 (East Africa Time),Mon Aug 17 2026 15:24:31 GMT+0300 (East Africa Time),,http://localhost:9000/static/1786969471208-framework-laptop-13-pro.jpg,variant_01M07TWE89QYRR0XSYT5JYN575,Default,INGEST-FRAMEWORK-LAPTOP-13-PRO,,,,false,true,,,,,,,,,,0,,prod_01M07TWE7D2FX7B562MZG8AM5Y,Mon Aug 17 2026 15:24:31 GMT+0300 (East Africa Time),Mon Aug 17 2026 15:24:31 GMT+0300 (East Africa Time),,1049.99,opt_01M07TWE7EWW76GQEK1JKKHRQ8,Configuration,Default,http://localhost:9000/static/1786969471208-framework-laptop-13-pro.jpg
prod_01M07TWP4K9KC8655XF4QJTZ1Z,business-galaxy-book4-pro-16-0-core-ultra-7-16gb-intel-arc-graphics-np960xgk-kg1ca-samsung-cana,"Business | Galaxy Book4 Pro (16.0"", Core Ultra 7, 16GB, Intel® Arc™ Graphics) | NP960XGK-KG1CA | Samsung Canada",,published,,See the features of this product and the benefits for your business at Samsung Business Canada. Click here to contact us. (Galaxy Book / NP960XGK-KG1CA),false,true,http://localhost:9000/static/1786969479310-business-galaxy-book4-pro-16-0-core-ultra-7-16gb-intel-arc-graphics-np960xgk-kg1ca-samsung-cana.png,,,,,,,,,,,Mon Aug 17 2026 15:24:39 GMT+0300 (East Africa Time),Mon Aug 17 2026 15:24:39 GMT+0300 (East Africa Time),,http://localhost:9000/static/1786969479310-business-galaxy-book4-pro-16-0-core-ultra-7-16gb-intel-arc-graphics-np960xgk-kg1ca-samsung-cana.png,variant_01M07TWP68CACR7HTTY11CNTC2,Default,INGEST-BUSINESS-GALAXY-BOOK4-PRO-16-0-CORE-ULTRA-7-16GB-INTEL-ARC-GRAPHICS-NP960XGK-KG1CA-SAMSUNG-CANA,,,,false,true,,,,,,,,,,0,,prod_01M07TWP4K9KC8655XF4QJTZ1Z,Mon Aug 17 2026 15:24:39 GMT+0300 (East Africa Time),Mon Aug 17 2026 15:24:39 GMT+0300 (East Africa Time),,1449.99,opt_01M07TWP4KYJFFPB9YTQ6HD5D8,Configuration,Default,http://localhost:9000/static/1786969479310-business-galaxy-book4-pro-16-0-core-ultra-7-16gb-intel-arc-graphics-np960xgk-kg1ca-samsung-cana.png
prod_01M07TX9ZFXK6F8272Z2SKWBNW,huawei-matebook-d16-2024-review,Huawei MateBook D16 2024 review,,published,,"An excellent laptop with premium performance, long battery life, and good build quality for €1,399. Introduction and unboxing

If you live outside of...",false,true,http://localhost:9000/static/1786969499626-huawei-matebook-d16-2024-review.jpg,,,,,,,,,,,Mon Aug 17 2026 15:24:59 GMT+0300 (East Africa Time),Mon Aug 17 2026 15:24:59 GMT+0300 (East Africa Time),,http://localhost:9000/static/1786969499626-huawei-matebook-d16-2024-review.jpg,variant_01M07TXA17HPDD42YD4KY5ZJ29,Default,INGEST-HUAWEI-MATEBOOK-D16-2024-REVIEW,,,,false,true,,,,,,,,,,0,,prod_01M07TX9ZFXK6F8272Z2SKWBNW,Mon Aug 17 2026 15:24:59 GMT+0300 (East Africa Time),Mon Aug 17 2026 15:24:59 GMT+0300 (East Africa Time),,799.99,opt_01M07TX9ZFZ6A7G9J2VD8ARPS3,Configuration,Default,http://localhost:9000/static/1786969499626-huawei-matebook-d16-2024-review.jpg
prod_01M07TXJQX2ZP4M68PJQ8EHJTY,aorus-15-intel-12th-gen-aorus-gigabyte-global,AORUS 15 (Intel 12th Gen)｜AORUS - GIGABYTE Global,,published,,AORUS 15 (Intel 12th Gen)｜AORUS - GIGABYTE Global hardware component.,false,true,http://localhost:9000/static/1786969508597-aorus-15-intel-12th-gen-aorus-gigabyte-global.png,,,,,,,,,,,Mon Aug 17 2026 15:25:08 GMT+0300 (East Africa Time),Mon Aug 17 2026 15:25:08 GMT+0300 (East Africa Time),,http://localhost:9000/static/1786969508597-aorus-15-intel-12th-gen-aorus-gigabyte-global.png,variant_01M07TXJRVXGESFG10ZNA6934X,Default,INGEST-AORUS-15-INTEL-12TH-GEN-AORUS-GIGABYTE-GLOBAL,,,,false,true,,,,,,,,,,0,,prod_01M07TXJQX2ZP4M68PJQ8EHJTY,Mon Aug 17 2026 15:25:08 GMT+0300 (East Africa Time),Mon Aug 17 2026 15:25:08 GMT+0300 (East Africa Time),,1299.99,opt_01M07TXJQXX80J91Y4J1B1S70G,Configuration,Default,http://localhost:9000/static/1786969508597-aorus-15-intel-12th-gen-aorus-gigabyte-global.png
prod_01M07TXTHK7NVGVG8ADR0ZVPR2,rog-swift-pg279qm,ROG Swift PG279QM,,published,,"27 inch QHD (2560 x 1440), NVIDIA Reflex Latency Analyzer, 240 Hz, Fast IPS, 1 ms (GTG), DisplayHDR™ 400.",false,true,http://localhost:9000/static/1786969516585-rog-swift-pg279qm.png,,,,,,,,,,,Mon Aug 17 2026 15:25:16 GMT+0300 (East Africa Time),Mon Aug 17 2026 15:25:16 GMT+0300 (East Africa Time),,http://localhost:9000/static/1786969516585-rog-swift-pg279qm.png,variant_01M07TXTK0V5DEYY6SBYAJCEF4,Default,INGEST-ROG-SWIFT-PG279QM,,,,false,true,,,,,,,,,,0,,prod_01M07TXTHK7NVGVG8ADR0ZVPR2,Mon Aug 17 2026 15:25:16 GMT+0300 (East Africa Time),Mon Aug 17 2026 15:25:16 GMT+0300 (East Africa Time),,699.99,opt_01M07TXTHKHMDG1B1WQREBHYKF,Configuration,Default,http://localhost:9000/static/1786969516585-rog-swift-pg279qm.png
prod_01M07TYAQBAPGECY60X04448TP,32-inch-odyssey-g7-g70d-4k-144hz-g-sync-compatible-smart-gaming-monitor,32 Inch Odyssey G7 G70D 4K 144Hz | G-Sync Compatible | Smart Gaming Monitor,,published,,"Explore the Odyssey G70D 32-Inch 144Hz 4K UHD Smart Gaming Monitor with AMD FreeSync™, quick response time and a fast IPS Panel. Buy today!",false,true,http://localhost:9000/static/1786969533151-32-inch-odyssey-g7-g70d-4k-144hz-g-sync-compatible-smart-gaming-monitor.png,,,,,,,,,,,Mon Aug 17 2026 15:25:33 GMT+0300 (East Africa Time),Mon Aug 17 2026 15:25:33 GMT+0300 (East Africa Time),,http://localhost:9000/static/1786969533151-32-inch-odyssey-g7-g70d-4k-144hz-g-sync-compatible-smart-gaming-monitor.png,variant_01M07TYARQ6RP5NBYDZSMDJ3JF,Default,LS32DG702ENXZA,,,,false,true,,,,,,,,,,0,,prod_01M07TYAQBAPGECY60X04448TP,Mon Aug 17 2026 15:25:33 GMT+0300 (East Africa Time),Mon Aug 17 2026 15:25:33 GMT+0300 (East Africa Time),,599.99,opt_01M07TYAQBAJM1SC99NP6W7X0D,Configuration,Default,http://localhost:9000/static/1786969533151-32-inch-odyssey-g7-g70d-4k-144hz-g-sync-compatible-smart-gaming-monitor.png
prod_01M07TZ1HETGNSZGNAXZSB9D9H,benq-creative-pro-pd2705u-27-inch-4k-uhd-srgb-hdr10-usb-c-designer-monitor,BenQ Creative Pro PD2705U｜27-inch 4K UHD sRGB HDR10 USB-C Designer Monitor,,published,,PD2705U covers 99% sRGB and 99% Rec.709 color spaces with amazing Delta E ≤ 3 ensures superb accuracy.,false,true,http://localhost:9000/static/1786969556521-benq-creative-pro-pd2705u-27-inch-4k-uhd-srgb-hdr10-usb-c-designer-monitor.jpg,,,,,,,,,,,Mon Aug 17 2026 15:25:56 GMT+0300 (East Africa Time),Mon Aug 17 2026 15:25:56 GMT+0300 (East Africa Time),,http://localhost:9000/static/1786969556521-benq-creative-pro-pd2705u-27-inch-4k-uhd-srgb-hdr10-usb-c-designer-monitor.jpg,variant_01M07TZ1JBDFJMFY6HAP6CT3HN,Default,INGEST-BENQ-CREATIVE-PRO-PD2705U-27-INCH-4K-UHD-SRGB-HDR10-USB-C-DESIGNER-MONITOR,,,,false,true,,,,,,,,,,0,,prod_01M07TZ1HETGNSZGNAXZSB9D9H,Mon Aug 17 2026 15:25:56 GMT+0300 (East Africa Time),Mon Aug 17 2026 15:25:56 GMT+0300 (East Africa Time),,499.99,opt_01M07TZ1HEWJQ66WA19FP9PDAE,Configuration,Default,http://localhost:9000/static/1786969556521-benq-creative-pro-pd2705u-27-inch-4k-uhd-srgb-hdr10-usb-c-designer-monitor.jpg
prod_01M07TZCYY9NW6WM9FMBGBTYE8,agon-by-aoc-24g2-monitor,AGON by AOC 24G2 monitor,,published,,"AOC’s 24G2 flat display redefines smooth gameplay. Equipped with 144Hz refresh rate and 1ms response time, players can enjoy an ultra-smooth experience with no visible screen blur. AMD FreeSync Premium technology and HDR-like visual reduces screen tearing allows gamers to immerse in the battle with high contrast visual clarity. HDMI & DisplayPort compatibility also caters the different needs of PC and console gaming users.",false,true,http://localhost:9000/static/1786969568213-agon-by-aoc-24g2-monitor.png,,,,,,,,,,,Mon Aug 17 2026 15:26:08 GMT+0300 (East Africa Time),Mon Aug 17 2026 15:26:08 GMT+0300 (East Africa Time),,http://localhost:9000/static/1786969568213-agon-by-aoc-24g2-monitor.png,variant_01M07TZD076QVN1XH6BV6TA4AG,Default,INGEST-AGON-BY-AOC-24G2-MONITOR,,,,false,true,,,,,,,,,,0,,prod_01M07TZCYY9NW6WM9FMBGBTYE8,Mon Aug 17 2026 15:26:08 GMT+0300 (East Africa Time),Mon Aug 17 2026 15:26:08 GMT+0300 (East Africa Time),,179.99,opt_01M07TZCYYC5J5J8XGJV1NV0NT,Configuration,Default,http://localhost:9000/static/1786969568213-agon-by-aoc-24g2-monitor.png
prod_01M07TZMMD8ZG3GBQYMYDAC6EJ,m27q-gaming-monitor-rev-1-0-gigabyte-global,M27Q Gaming Monitor (Rev. 1.0) - GIGABYTE Global,,published,,M27Q Gaming Monitor (Rev. 1.0) - GIGABYTE Global hardware component.,false,true,http://localhost:9000/static/1786969576071-m27q-gaming-monitor-rev-1-0-gigabyte-global.png,,,,,,,,,,,Mon Aug 17 2026 15:26:16 GMT+0300 (East Africa Time),Mon Aug 17 2026 15:26:16 GMT+0300 (East Africa Time),,http://localhost:9000/static/1786969576071-m27q-gaming-monitor-rev-1-0-gigabyte-global.png,variant_01M07TZMN7VMFCQDXKJHH9NAZP,Default,INGEST-M27Q-GAMING-MONITOR-REV-1-0-GIGABYTE-GLOBAL,,,,false,true,,,,,,,,,,0,,prod_01M07TZMMD8ZG3GBQYMYDAC6EJ,Mon Aug 17 2026 15:26:16 GMT+0300 (East Africa Time),Mon Aug 17 2026 15:26:16 GMT+0300 (East Africa Time),,299.99,opt_01M07TZMMD7EG5W2W4M3KKDPJ8,Configuration,Default,http://localhost:9000/static/1786969576071-m27q-gaming-monitor-rev-1-0-gigabyte-global.png
prod_01M07TZY7HC2770A9DJZMZZS9A,msi-optix-mag274qrf-qd-accurate-display-ultimate-victory-ips-esports-gaming-monitor-msi,MSI Optix MAG274QRF-QD – Accurate Display. Ultimate Victory. | IPS eSports Gaming Monitor | MSI,,published,,"Built with a 165hz refresh rate and 1ms GTG response time panel, WQHD(2560x1440) resolution, Quantum Dot, and G-sync Compatible technology, Optix MAG274QRF-QD will give you the competitive edge you need to take down your opponents.",false,true,http://localhost:9000/static/1786969585900-msi-optix-mag274qrf-qd-accurate-display-ultimate-victory-ips-esports-gaming-monitor-msi.webp,,,,,,,,,,,Mon Aug 17 2026 15:26:25 GMT+0300 (East Africa Time),Mon Aug 17 2026 15:26:25 GMT+0300 (East Africa Time),,http://localhost:9000/static/1786969585900-msi-optix-mag274qrf-qd-accurate-display-ultimate-victory-ips-esports-gaming-monitor-msi.webp,variant_01M07TZY8DJR0VZG31QGT0PQGP,Default,INGEST-MSI-OPTIX-MAG274QRF-QD-ACCURATE-DISPLAY-ULTIMATE-VICTORY-IPS-ESPORTS-GAMING-MONITOR-MSI,,,,false,true,,,,,,,,,,0,,prod_01M07TZY7HC2770A9DJZMZZS9A,Mon Aug 17 2026 15:26:25 GMT+0300 (East Africa Time),Mon Aug 17 2026 15:26:25 GMT+0300 (East Africa Time),,399.99,opt_01M07TZY7HHPEW0VY1BD8AT330,Configuration,Default,http://localhost:9000/static/1786969585900-msi-optix-mag274qrf-qd-accurate-display-ultimate-victory-ips-esports-gaming-monitor-msi.webp
prod_01M07V04YA0JN1V3J1KQ9MK25Q,viewsonic-global,ViewSonic (GLOBAL),,published,,"No matter how often you game or when you game, you always win with the...",false,true,http://localhost:9000/static/1786969592773-viewsonic-global.jpg,,,,,,,,,,,Mon Aug 17 2026 15:26:32 GMT+0300 (East Africa Time),Mon Aug 17 2026 15:26:32 GMT+0300 (East Africa Time),,http://localhost:9000/static/1786969592773-viewsonic-global.jpg,variant_01M07V04Z5EHR602D2VDD89H9J,Default,INGEST-VIEWSONIC-GLOBAL,,,,false,true,,,,,,,,,,0,,prod_01M07V04YA0JN1V3J1KQ9MK25Q,Mon Aug 17 2026 15:26:32 GMT+0300 (East Africa Time),Mon Aug 17 2026 15:26:32 GMT+0300 (East Africa Time),,249.99,opt_01M07V04YAVAE36EG4BMM86F0M,Configuration,Default,http://localhost:9000/static/1786969592773-viewsonic-global.jpg
prod_01M07V0A34ED1J5N68H7F4J5DA,g915-tkl,G915 TKL,,published,,"Shop G915 TKL. Features LIGHTSPEED wireless, tenkeyless compact footprint, low-profile GL switches, premium aluminum top case, LIGHTSYNC RGB &amp; long battery life",false,true,http://localhost:9000/static/1786969598045-g915-tkl.png,,,,,,,,,,,Mon Aug 17 2026 15:26:38 GMT+0300 (East Africa Time),Mon Aug 17 2026 15:26:38 GMT+0300 (East Africa Time),,http://localhost:9000/static/1786969598045-g915-tkl.png,variant_01M07V0A46G1H5SBR44KGHDVP5,Default,INGEST-G915-TKL,,,,false,true,,,,,,,,,,0,,prod_01M07V0A34ED1J5N68H7F4J5DA,Mon Aug 17 2026 15:26:38 GMT+0300 (East Africa Time),Mon Aug 17 2026 15:26:38 GMT+0300 (East Africa Time),,229.99,opt_01M07V0A34ABRYJFMZ2FTDN2K4,Configuration,Default,http://localhost:9000/static/1786969598045-g915-tkl.png
prod_01M07V12HER84PR61WXBTDDSAF,techreviews,TechReviews,,published,,Find the Best PC Gear Fast.,false,true,http://localhost:9000/static/1786969623079-techreviews.jpg,,,,,,,,,,,Mon Aug 17 2026 15:27:03 GMT+0300 (East Africa Time),Mon Aug 17 2026 15:27:03 GMT+0300 (East Africa Time),,http://localhost:9000/static/1786969623079-techreviews.jpg,variant_01M07V12JCRNSXJ098METG68WT,Default,INGEST-TECHREVIEWS,,,,false,true,,,,,,,,,,0,,prod_01M07V12HER84PR61WXBTDDSAF,Mon Aug 17 2026 15:27:03 GMT+0300 (East Africa Time),Mon Aug 17 2026 15:27:03 GMT+0300 (East Africa Time),,199.99,opt_01M07V12HEBRG0X8DKWN1Q5JTC,Configuration,Default,http://localhost:9000/static/1786969623079-techreviews.jpg
prod_01M07V1ASHSHCJ7817S19W1D72,k70-rgb-pro-mechanical-gaming-keyboard-with-pbt-double-shot-pro-keycaps-cherry-mx-red,K70 RGB PRO Mechanical Gaming Keyboard with PBT DOUBLE SHOT PRO Keycaps — CHERRY® MX Red,,published,,Durable aluminum frame with per-key RGB lighting8x faster responsivenessPerformance you can feelUpgrade your keyboard game with double-shot keycapsTournament switch for distraction-free gameplay,false,true,http://localhost:9000/static/1786969631532-k70-rgb-pro-mechanical-gaming-keyboard-with-pbt-double-shot-pro-keycaps-cherry-mx-red.webp,,,,,,,,,,,Mon Aug 17 2026 15:27:11 GMT+0300 (East Africa Time),Mon Aug 17 2026 15:27:11 GMT+0300 (East Africa Time),,http://localhost:9000/static/1786969631532-k70-rgb-pro-mechanical-gaming-keyboard-with-pbt-double-shot-pro-keycaps-cherry-mx-red.webp,variant_01M07V1AVAJE8KPYJWK1A0NVKT,Default,CH-9109410-NA,,,,false,true,,,,,,,,,,0,,prod_01M07V1ASHSHCJ7817S19W1D72,Mon Aug 17 2026 15:27:11 GMT+0300 (East Africa Time),Mon Aug 17 2026 15:27:11 GMT+0300 (East Africa Time),,169.99,opt_01M07V1ASHJ7P4CHZQJB257P8X,Configuration,Default,http://localhost:9000/static/1786969631532-k70-rgb-pro-mechanical-gaming-keyboard-with-pbt-double-shot-pro-keycaps-cherry-mx-red.webp
prod_01M07V1G28TCN0FZE3ADY2BD59,mx-master-3s-bluetooth-edition,MX Master 3S Bluetooth Edition,,published,,"Shop MX Master 3s Wireless Mouse. Features precision tracking, quiet click buttons, MagSpeed scroll wheel, app customization, flow between devices, and more",false,true,http://localhost:9000/static/1786969636929-mx-master-3s-bluetooth-edition.png,,,,,,,,,,,Mon Aug 17 2026 15:27:16 GMT+0300 (East Africa Time),Mon Aug 17 2026 15:27:16 GMT+0300 (East Africa Time),,http://localhost:9000/static/1786969636929-mx-master-3s-bluetooth-edition.png,variant_01M07V1G31HAKWMWSXFT5KY9JG,Default,INGEST-MX-MASTER-3S-BLUETOOTH-EDITION,,,,false,true,,,,,,,,,,0,,prod_01M07V1G28TCN0FZE3ADY2BD59,Mon Aug 17 2026 15:27:16 GMT+0300 (East Africa Time),Mon Aug 17 2026 15:27:16 GMT+0300 (East Africa Time),,99.99,opt_01M07V1G28C1TDE4T0PAKY3QJY,Configuration,Default,http://localhost:9000/static/1786969636929-mx-master-3s-bluetooth-edition.png
prod_01M07V20N91B02V7S2D4CZ0JAW,steelseries-arctis-nova-7-wireless-review,SteelSeries Arctis Nova 7 Wireless review,,published,,"The SteelSeries Arctis Nova 7 Wireless brings the first visual update to the Arctis 7 line in years, but is there more to it than that?",false,true,http://localhost:9000/static/1786969653922-steelseries-arctis-nova-7-wireless-review.jpg,,,,,,,,,,,Mon Aug 17 2026 15:27:33 GMT+0300 (East Africa Time),Mon Aug 17 2026 15:27:33 GMT+0300 (East Africa Time),,http://localhost:9000/static/1786969653922-steelseries-arctis-nova-7-wireless-review.jpg,variant_01M07V20QPRRGDD8WY2MG9YN01,Default,INGEST-STEELSERIES-ARCTIS-NOVA-7-WIRELESS-REVIEW,,,,false,true,,,,,,,,,,0,,prod_01M07V20N91B02V7S2D4CZ0JAW,Mon Aug 17 2026 15:27:34 GMT+0300 (East Africa Time),Mon Aug 17 2026 15:27:34 GMT+0300 (East Africa Time),,179.99,opt_01M07V20N9Q2ZQ1GQ0NFW9FTRB,Configuration,Default,http://localhost:9000/static/1786969653922-steelseries-arctis-nova-7-wireless-review.jpg
prod_01M07V2AM4NMGETXKRJ5SK7XPS,c920-hd-pro-webcam,C920 HD Pro Webcam,,published,,"Kupte C920 Webcam. Disponuje rozlišením Full HD 1080p, stereofonním zvukem s duálními mikrofony, automatickou korekcí osvětlení, plynulou a přesnou funkcí autofocus a skleněným objektivem pro dokonale ostrý obraz.",false,true,http://localhost:9000/static/1786969664127-c920-hd-pro-webcam.png,,,,,,,,,,,Mon Aug 17 2026 15:27:44 GMT+0300 (East Africa Time),Mon Aug 17 2026 15:27:44 GMT+0300 (East Africa Time),,http://localhost:9000/static/1786969664127-c920-hd-pro-webcam.png,variant_01M07V2AN0N4Y073WMGGYB8YTN,Default,INGEST-C920-HD-PRO-WEBCAM,,,,false,true,,,,,,,,,,0,,prod_01M07V2AM4NMGETXKRJ5SK7XPS,Mon Aug 17 2026 15:27:44 GMT+0300 (East Africa Time),Mon Aug 17 2026 15:27:44 GMT+0300 (East Africa Time),,69.99,opt_01M07V2AM4H4TQ9YZ0PDNS40RW,Configuration,Default,http://localhost:9000/static/1786969664127-c920-hd-pro-webcam.png
prod_01M07V2G8A5763F7JQ65E679C1,anker-lt-b-gt-575-lt-b-gt-usb-c-docking-station-13-in-1,Anker &lt;b&gt;575&lt;/b&gt; USB-C Docking Station (13-in-1),,published,,"Compatibility Information: Works with Windows 8, 10, and 11, and macOS 10.12 or later. Requires a USB-C port that supports DisplayPort Alt Mode and Power D",false,true,http://localhost:9000/static/1786969669892-anker-lt-b-gt-575-lt-b-gt-usb-c-docking-station-13-in-1.png,,,,,,,,,,,Mon Aug 17 2026 15:27:49 GMT+0300 (East Africa Time),Mon Aug 17 2026 15:27:49 GMT+0300 (East Africa Time),,http://localhost:9000/static/1786969669892-anker-lt-b-gt-575-lt-b-gt-usb-c-docking-station-13-in-1.png,variant_01M07V2G97KMMXM861Y9QJVNB0,Default,A83921A1,,,,false,true,,,,,,,,,,0,,prod_01M07V2G8A5763F7JQ65E679C1,Mon Aug 17 2026 15:27:49 GMT+0300 (East Africa Time),Mon Aug 17 2026 15:27:49 GMT+0300 (East Africa Time),,249.99,opt_01M07V2G8APPF2RXS4NEP83CAM,Configuration,Default,http://localhost:9000/static/1786969669892-anker-lt-b-gt-575-lt-b-gt-usb-c-docking-station-13-in-1.png
prod_01M07V2NXR7MQPBN1RZBN0RRYB,ax5400-dual-band-gigabit-wi-fi-6-router,AX5400 Dual-Band Gigabit Wi-Fi 6 Router,,published,,Enjoy Wi-Fi 6 connectivity for every device with the Archer AX73 tri-band Wi-Fi 6 router.,false,true,http://localhost:9000/static/1786969675699-ax5400-dual-band-gigabit-wi-fi-6-router.jpg,,,,,,,,,,,Mon Aug 17 2026 15:27:55 GMT+0300 (East Africa Time),Mon Aug 17 2026 15:27:55 GMT+0300 (East Africa Time),,http://localhost:9000/static/1786969675699-ax5400-dual-band-gigabit-wi-fi-6-router.jpg,variant_01M07V2NZ61S3XF2840AABK0NR,Default,INGEST-AX5400-DUAL-BAND-GIGABIT-WI-FI-6-ROUTER,,,,false,true,,,,,,,,,,0,,prod_01M07V2NXR7MQPBN1RZBN0RRYB,Mon Aug 17 2026 15:27:55 GMT+0300 (East Africa Time),Mon Aug 17 2026 15:27:55 GMT+0300 (East Africa Time),,149.99,opt_01M07V2NXS03PP4F4WGSQPM205,Configuration,Default,http://localhost:9000/static/1786969675699-ax5400-dual-band-gigabit-wi-fi-6-router.jpg
prod_01M07V2VS57FKDMHER4KKTYKM3,rt-ax86u,RT-AX86U,,published,,"The AX5700 WiFi 6 gaming router recommended for mobile gaming, PS5 compatible. With fast WiFi speed, large coverage and lower lag, free network security and easy setup.",false,true,http://localhost:9000/static/1786969681693-rt-ax86u.png,,,,,,,,,,,Mon Aug 17 2026 15:28:01 GMT+0300 (East Africa Time),Mon Aug 17 2026 15:28:01 GMT+0300 (East Africa Time),,http://localhost:9000/static/1786969681693-rt-ax86u.png,variant_01M07V2VSZJ0X17H29K2RWS78Z,Default,14715,,,,false,true,,,,,,,,,,0,,prod_01M07V2VS57FKDMHER4KKTYKM3,Mon Aug 17 2026 15:28:01 GMT+0300 (East Africa Time),Mon Aug 17 2026 15:28:01 GMT+0300 (East Africa Time),,229.99,opt_01M07V2VS5S7N7EK8KVDGCXQFC,Configuration,Default,http://localhost:9000/static/1786969681693-rt-ax86u.png